Run,ReleaseDate,LoadDate,spots,bases,spots_with_mates,avgLength,size_MB,AssemblyName,download_path,Experiment,LibraryName,LibraryStrategy,LibrarySelection,LibrarySource,LibraryLayout,InsertSize,InsertDev,Platform,Model,SRAStudy,BioProject,Study_Pubmed_id,ProjectID,Sample,BioSample,SampleType,TaxID,ScientificName,SampleName,Region,Locality,g1k_pop_code,source,g1k_analysis_group,Subject_ID,Sex,Disease,Tumor,Affection_Status,Analyte_Type,Histological_Type,Body_Site,CenterName,Submission,dbgap_study_accession,Consent,RunHash,ReadHash
SRR3165618,4/15/16 0:00,2/17/16 17:11,21602363,4363677326,21602363,202,2940,,https://sra-downloadb.be-md.ncbi.nlm.nih.gov/sos5/sra-pub-zq-11/SRR003/165/SRR3165618/SRR3165618.sralite.1,SRX1571127,,WGS,unspecified,GENOMIC,PAIRED,0,0,ILLUMINA,Illumina HiSeq 2500,SRP069848,PRJNA311498,,311498,SRS1284061,SAMN04482561,simple,8187,Lates calcarifer,AU-D-1,Northern Territory,Darwin Harbour,,,,,not determined,,no,,,,,TEMASEK LIFE SCIENCES LABORATORY,SRA352596,,public,6AF027026F199A74D52661EC2D9BC0EC,15B82D9471DF67D987B0404E6272C450
SRR3165619,4/15/16 0:00,2/17/16 17:55,18977906,3833537012,18977906,202,2587,,https://sra-downloadb.be-md.ncbi.nlm.nih.gov/sos5/sra-pub-zq-14/SRR003/165/SRR3165619.sralite.1,SRX1571128,,WGS,unspecified,GENOMIC,PAIRED,0,0,ILLUMINA,Illumina HiSeq 2500,SRP069848,PRJNA311498,,311498,SRS1284062,SAMN04482562,simple,8187,Lates calcarifer,AU-D-2,Northern Territory,Darwin Harbour,,,,,not determined,,no,,,,,TEMASEK LIFE SCIENCES LABORATORY,SRA352596,,public,78E8EB6F9768FD7C833188AC7AF898B2,D5680EEBF392BB1D795422B26B2BF6A5
SRR3165620,4/15/16 0:00,2/17/16 18:18,17247145,3483923290,17247145,202,2358,,https://sra-downloadb.be-md.ncbi.nlm.nih.gov/sos5/sra-pub-zq-14/SRR003/165/SRR3165620.sralite.1,SRX1571129,,WGS,unspecified,GENOMIC,PAIRED,0,0,ILLUMINA,Illumina HiSeq 2500,SRP069848,PRJNA311498,,311498,SRS1284063,SAMN04482563,simple,8187,Lates calcarifer,AU-D-3,Northern Territory,Darwin Harbour,,,,,not determined,,no,,,,,TEMASEK LIFE SCIENCES LABORATORY,SRA352596,,public,C3BE62723D130247494AAE0275A17073,623ABDB796E5DB970DD500E1A30743AD
SRR3165621,4/15/16 0:00,2/17/16 19:33,21502848,4343575296,21502848,202,2946,,https://sra-downloadb.be-md.ncbi.nlm.nih.gov/sos5/sra-pub-zq-11/SRR003/165/SRR3165621/SRR3165621.sralite.1,SRX1571130,,WGS,unspecified,GENOMIC,PAIRED,0,0,ILLUMINA,Illumina HiSeq 2500,SRP069848,PRJNA311498,,311498,SRS1284064,SAMN04482564,simple,8187,Lates calcarifer,AU-D-4,Northern Territory,Darwin Harbour,,,,,not determined,,no,,,,,TEMASEK LIFE SCIENCES LABORATORY,SRA352596,,public,D6C74A7BAA3D5698B8C275A12ED20703,B731827C860E6F9BD306DB151C1B448A
SRR3165622,4/15/16 0:00,2/18/16 12:43,21363848,4315497296,21363848,202,2907,,https://sra-downloadb.be-md.ncbi.nlm.nih.gov/sos5/sra-pub-zq-11/SRR003/165/SRR3165622/SRR3165622.sralite.1,SRX1571131,,WGS,unspecified,GENOMIC,PAIRED,0,0,ILLUMINA,Illumina HiSeq 2500,SRP069848,PRJNA311498,,311498,SRS1284065,SAMN04482565,simple,8187,Lates calcarifer,AU-D-5,Northern Territory,Darwin Harbour,,,,,not determined,,no,,,,,TEMASEK LIFE SCIENCES LABORATORY,SRA352596,,public,0553274A5FAD602543C057FC8A8680D8,D72CECFB876901041F77D054E9C3E7F0
SRR3165623,4/15/16 0:00,2/18/16 13:45,18738649,3785207098,18738649,202,2564,,https://sra-downloadb.be-md.ncbi.nlm.nih.gov/sos5/sra-pub-zq-14/SRR003/165/SRR3165623.sralite.1,SRX1571132,,WGS,unspecified,GENOMIC,PAIRED,0,0,ILLUMINA,Illumina HiSeq 2500,SRP069848,PRJNA311498,,311498,SRS1284066,SAMN04482566,simple,8187,Lates calcarifer,AU-D-6,Northern Territory,Darwin Harbour,,,,,not determined,,no,,,,,TEMASEK LIFE SCIENCES LABORATORY,SRA352596,,public,526B27DBF204754862C9971221B13278,0B4FA32FA09ECFA08F7FEAD8C08B0C9F
SRR3165629,4/15/16 0:00,2/16/16 9:49,21321169,4306876138,21321169,202,2911,,https://sra-downloadb.be-md.ncbi.nlm.nih.gov/sos5/sra-pub-zq-14/SRR003/165/SRR3165629.sralite.1,SRX1571139,,WGS,unspecified,GENOMIC,PAIRED,0,0,ILLUMINA,Illumina HiSeq 2500,SRP069848,PRJNA311498,,311498,SRS1284073,SAMN04482572,simple,8187,Lates calcarifer,AU-QLD-1,Queensland,,,,,,not determined,,no,,,,,TEMASEK LIFE SCIENCES LABORATORY,SRA352596,,public,4E0869B93E595BA80C39F840234FFA7F,C54DB53CDF1B470387953A229249E4D3
SRR3165630,4/15/16 0:00,2/16/16 0:38,17990164,3634013128,17990164,202,2457,,https://sra-downloadb.be-md.ncbi.nlm.nih.gov/sos5/sra-pub-zq-11/SRR003/165/SRR3165630/SRR3165630.sralite.1,SRX1571140,,WGS,unspecified,GENOMIC,PAIRED,0,0,ILLUMINA,Illumina HiSeq 2500,SRP069848,PRJNA311498,,311498,SRS1284074,SAMN04482573,simple,8187,Lates calcarifer,AU-QLD-2,Queensland,,,,,,not determined,,no,,,,,TEMASEK LIFE SCIENCES LABORATORY,SRA352596,,public,9B141A33CD6BEF6C9DD60B589E312221,9EF07E980F6A18C3EFC52AD65E901BD1
SRR3165631,4/15/16 0:00,2/15/16 23:36,16312969,3295219738,16312969,202,2236,,https://sra-downloadb.be-md.ncbi.nlm.nih.gov/sos5/sra-pub-zq-11/SRR003/165/SRR3165631/SRR3165631.sralite.1,SRX1571141,,WGS,unspecified,GENOMIC,PAIRED,0,0,ILLUMINA,Illumina HiSeq 2500,SRP069848,PRJNA311498,,311498,SRS1284075,SAMN04482574,simple,8187,Lates calcarifer,AU-QLD-3,Queensland,,,,,,not determined,,no,,,,,TEMASEK LIFE SCIENCES LABORATORY,SRA352596,,public,A36EA42C4DA92C716F7D42CFFE7776C8,3EDAC6CA724FAEE8054E63B8547DD9BD
SRR3165632,4/15/16 0:00,2/15/16 23:37,16939561,3421791322,16939561,202,2303,,https://sra-downloadb.be-md.ncbi.nlm.nih.gov/sos5/sra-pub-zq-14/SRR003/165/SRR3165632.sralite.1,SRX1571142,,WGS,unspecified,GENOMIC,PAIRED,0,0,ILLUMINA,Illumina HiSeq 2500,SRP069848,PRJNA311498,,311498,SRS1284076,SAMN04482575,simple,8187,Lates calcarifer,AU-QLD-4,Queensland,,,,,,not determined,,no,,,,,TEMASEK LIFE SCIENCES LABORATORY,SRA352596,,public,7CFF3931BB44C7422663B308AF21883B,E38AE030A348E596620FCBC908A0EFEE
SRR3165633,4/15/16 0:00,2/15/16 22:34,17064273,3446983146,17064273,202,2329,,https://sra-downloadb.be-md.ncbi.nlm.nih.gov/sos5/sra-pub-zq-14/SRR003/165/SRR3165633.sralite.1,SRX1571143,,WGS,unspecified,GENOMIC,PAIRED,0,0,ILLUMINA,Illumina HiSeq 2500,SRP069848,PRJNA311498,,311498,SRS1284077,SAMN04482576,simple,8187,Lates calcarifer,AU-QLD-5,Queensland,,,,,,not determined,,no,,,,,TEMASEK LIFE SCIENCES LABORATORY,SRA352596,,public,AD97137E380969C930A391A756336DF1,954448E92AD758628EADA6C43E26EEBD
SRR3165634,4/15/16 0:00,2/15/16 21:37,20234727,4087414854,20234727,202,2761,,https://sra-downloadb.be-md.ncbi.nlm.nih.gov/sos5/sra-pub-zq-14/SRR003/165/SRR3165634.sralite.1,SRX1571144,,WGS,unspecified,GENOMIC,PAIRED,0,0,ILLUMINA,Illumina HiSeq 2500,SRP069848,PRJNA311498,,311498,SRS1284078,SAMN04482577,simple,8187,Lates calcarifer,AU-QLD-6,Queensland,,,,,,not determined,,no,,,,,TEMASEK LIFE SCIENCES LABORATORY,SRA352596,,public,E41C8BFD72AC3BEC69B441FEAE13089A,99A7CE7465C818C4C594CEEB936AB08F
SRR3165592,4/15/16 0:00,2/18/16 14:44,20622823,4165810246,20622823,202,2057,,https://sra-downloadb.be-md.ncbi.nlm.nih.gov/sos5/sra-pub-zq-11/SRR003/165/SRR3165592/SRR3165592.sralite.1,SRX1569685,,WGS,unspecified,GENOMIC,PAIRED,0,0,ILLUMINA,Illumina HiSeq 2500,SRP069848,PRJNA311498,,311498,SRS1283156,SAMN04482518,simple,8187,Lates calcarifer,I-EC-2,India Eastern Coast,,,,,,not determined,,no,,,,,TEMASEK LIFE SCIENCES LABORATORY,SRA352596,,public,17BC5441564A0CFDB1ABC59D2FC15735,2B081E23DAF779B548BD9DA38EFD6D44
SRR3165594,4/15/16 0:00,2/18/16 15:56,29010104,5860041008,29010104,202,2909,,https://sra-downloadb.be-md.ncbi.nlm.nih.gov/sos5/sra-pub-zq-11/SRR003/165/SRR3165594/SRR3165594.sralite.1,SRX1569686,,WGS,unspecified,GENOMIC,PAIRED,0,0,ILLUMINA,Illumina HiSeq 2500,SRP069848,PRJNA311498,,311498,SRS1283157,SAMN04482519,simple,8187,Lates calcarifer,I-EC-3,India Eastern Coast,,,,,,not determined,,no,,,,,TEMASEK LIFE SCIENCES LABORATORY,SRA352596,,public,B7C5249EC555FAD06E4BB0E0CCC8E022,9EEA643248DADFFEDDAA17ADAA93ADB5
SRR3165595,4/15/16 0:00,2/18/16 16:49,25040760,5058233520,25040760,202,2483,,https://sra-downloadb.be-md.ncbi.nlm.nih.gov/sos5/sra-pub-zq-11/SRR003/165/SRR3165595/SRR3165595.sralite.1,SRX1569689,,WGS,unspecified,GENOMIC,PAIRED,0,0,ILLUMINA,Illumina HiSeq 2500,SRP069848,PRJNA311498,,311498,SRS1283158,SAMN04482520,simple,8187,Lates calcarifer,I-EC-4,India Eastern Coast,,,,,,not determined,,no,,,,,TEMASEK LIFE SCIENCES LABORATORY,SRA352596,,public,F22B4E865786885998324622647C4683,A0005310F56F74AEFAA619C6BCC97FEC
SRR3165596,4/15/16 0:00,2/18/16 17:00,20847828,4211261256,20847828,202,2094,,https://sra-downloadb.be-md.ncbi.nlm.nih.gov/sos5/sra-pub-zq-11/SRR003/165/SRR3165596/SRR3165596.sralite.1,SRX1571087,,WGS,unspecified,GENOMIC,PAIRED,0,0,ILLUMINA,Illumina HiSeq 2500,SRP069848,PRJNA311498,,311498,SRS1284021,SAMN04482521,simple,8187,Lates calcarifer,I-EC-5,India Eastern Coast,,,,,,not determined,,no,,,,,TEMASEK LIFE SCIENCES LABORATORY,SRA352596,,public,0A8039FAE1C43243D843FDA811EB41C7,6602FFC1D5569478617868EEFE1CF67B
SRR3183253,4/15/16 0:00,2/25/16 12:12,31675965,9566141430,31675965,302,4700,,https://sra-downloadb.be-md.ncbi.nlm.nih.gov/sos5/sra-pub-zq-14/SRR003/183/SRR3183253.sralite.1,SRX1571088,,WGS,unspecified,GENOMIC,PAIRED,0,0,ILLUMINA,Illumina HiSeq 2500,SRP069848,PRJNA311498,,311498,SRS1284022,SAMN04482522,simple,8187,Lates calcarifer,I-EC-6,India Eastern Coast,,,,,,not determined,,no,,,,,TEMASEK LIFE SCIENCES LABORATORY,SRA352596,,public,7218A14C32CE87A0E01038C009FC178A,3C495867FE90F595E45D20433C5E953B
SRR3183255,4/15/16 0:00,2/25/16 14:00,19052549,5753869798,19052549,302,2826,,https://sra-downloadb.be-md.ncbi.nlm.nih.gov/sos5/sra-pub-zq-11/SRR003/183/SRR3183255/SRR3183255.sralite.1,SRX1571089,,WGS,unspecified,GENOMIC,PAIRED,0,0,ILLUMINA,Illumina HiSeq 2500,SRP069848,PRJNA311498,,311498,SRS1284023,SAMN04482523,simple,8187,Lates calcarifer,I-EC-7,India Eastern Coast,,,,,,not determined,,no,,,,,TEMASEK LIFE SCIENCES LABORATORY,SRA352596,,public,EA43AEDA8F44BB5BE57CE875730D0638,E2AE259D2AC8AF01098429305B13A368
SRR3183256,4/15/16 0:00,2/25/16 13:33,24202433,7309134766,24202433,302,3618,,https://sra-downloadb.be-md.ncbi.nlm.nih.gov/sos5/sra-pub-zq-14/SRR003/183/SRR3183256.sralite.1,SRX1571090,,WGS,unspecified,GENOMIC,PAIRED,0,0,ILLUMINA,Illumina HiSeq 2500,SRP069848,PRJNA311498,,311498,SRS1284024,SAMN04482524,simple,8187,Lates calcarifer,I-EC-8,India Eastern Coast,,,,,,not determined,,no,,,,,TEMASEK LIFE SCIENCES LABORATORY,SRA352596,,public,6D85380405FB8160553EB1AD04078014,89C532BACB4B819BF8A6F4798C8D859F
SRR3183257,4/15/16 0:00,2/25/16 11:20,22599997,6825199094,22599997,302,3391,,https://sra-downloadb.be-md.ncbi.nlm.nih.gov/sos5/sra-pub-zq-11/SRR003/183/SRR3183257/SRR3183257.sralite.1,SRX1571091,,WGS,unspecified,GENOMIC,PAIRED,0,0,ILLUMINA,Illumina HiSeq 2500,SRP069848,PRJNA311498,,311498,SRS1284025,SAMN04482525,simple,8187,Lates calcarifer,I-EC-9,India Eastern Coast,,,,,,not determined,,no,,,,,TEMASEK LIFE SCIENCES LABORATORY,SRA352596,,public,12616071AB41A0593CC3831B15C4AF32,52E53094C90BD3B980B863E5DBFDDB57
SRR3183258,4/15/16 0:00,3/11/16 19:16,97604693,27487138586,97604693,281,13452,,https://sra-downloadb.be-md.ncbi.nlm.nih.gov/sos5/sra-pub-zq-11/SRR003/183/SRR3183258/SRR3183258.sralite.1,SRX1571092,,WGS,unspecified,GENOMIC,PAIRED,0,0,ILLUMINA,Illumina HiSeq 2500,SRP069848,PRJNA311498,,311498,SRS1284026,SAMN04482526,simple,8187,Lates calcarifer,I-WC-1,India Western Coast,,,,,,not determined,,no,,,,,TEMASEK LIFE SCIENCES LABORATORY,SRA352596,,public,D596A1D65BD407EEEF1C8789274F78CF,2AB8AF6D7A08949047542D11C655116A
SRR3183259,4/15/16 0:00,3/11/16 17:14,71391577,19668589620,71391577,275,9319,,https://sra-downloadb.be-md.ncbi.nlm.nih.gov/sos5/sra-pub-zq-11/SRR003/183/SRR3183259/SRR3183259.sralite.1,SRX1571093,,WGS,unspecified,GENOMIC,PAIRED,0,0,ILLUMINA,Illumina HiSeq 2500,SRP069848,PRJNA311498,,311498,SRS1284027,SAMN04482527,simple,8187,Lates calcarifer,I-WC-2,India Western Coast,,,,,,not determined,,no,,,,,TEMASEK LIFE SCIENCES LABORATORY,SRA352596,,public,0100FB28C5F74F7899B7E0277E4EF168,A94CCC49AB060AB8F92C982267828A2A
SRR3183260,4/15/16 0:00,3/10/16 3:23,26085808,7840047522,26085808,300,3427,,https://sra-downloadb.be-md.ncbi.nlm.nih.gov/sos5/sra-pub-zq-11/SRR003/183/SRR3183260/SRR3183260.sralite.1,SRX1571094,,WGS,unspecified,GENOMIC,PAIRED,0,0,ILLUMINA,Illumina HiSeq 2500,SRP069848,PRJNA311498,,311498,SRS1284028,SAMN04482528,simple,8187,Lates calcarifer,I-WC-3,India Western Coast,,,,,,not determined,,no,,,,,TEMASEK LIFE SCIENCES LABORATORY,SRA352596,,public,50FB35AD127C0CED9FEAAFCF564698EC,3D3ABB8BB7F941C25535B56D2E4B2C04
SRR3183261,4/15/16 0:00,3/10/16 3:26,25368222,7661203044,25368222,302,3782,,https://sra-downloadb.be-md.ncbi.nlm.nih.gov/sos5/sra-pub-zq-11/SRR003/183/SRR3183261/SRR3183261.sralite.1,SRX1571095,,WGS,unspecified,GENOMIC,PAIRED,0,0,ILLUMINA,Illumina HiSeq 2500,SRP069848,PRJNA311498,,311498,SRS1284029,SAMN04482529,simple,8187,Lates calcarifer,I-WC-4,India Western Coast,,,,,,not determined,,no,,,,,TEMASEK LIFE SCIENCES LABORATORY,SRA352596,,public,E9E24095E59EDEA696E44DC705E710A5,8E452B604B155CA4E13C2E3A5393AD12
SRR3165597,4/15/16 0:00,2/14/16 1:57,27482214,5551407228,27482214,202,2608,,https://sra-downloadb.be-md.ncbi.nlm.nih.gov/sos5/sra-pub-zq-11/SRR003/165/SRR3165597/SRR3165597.sralite.1,SRX1571096,,WGS,unspecified,GENOMIC,PAIRED,0,0,ILLUMINA,Illumina HiSeq 2500,SRP069848,PRJNA311498,,311498,SRS1284030,SAMN04482530,simple,8187,Lates calcarifer,I-WC-5,India Western Coast,,,,,,not determined,,no,,,,,TEMASEK LIFE SCIENCES LABORATORY,SRA352596,,public,3859765685F2A7B5BB3F167DD1344BB2,E5CC1B1C07610D66B006642DFD942404
SRR3165613,4/15/16 0:00,2/19/16 14:02,16581965,3349556930,16581965,202,2282,,https://sra-downloadb.be-md.ncbi.nlm.nih.gov/sos5/sra-pub-zq-11/SRR003/165/SRR3165613/SRR3165613.sralite.1,SRX1571122,,WGS,unspecified,GENOMIC,PAIRED,0,0,ILLUMINA,Illumina HiSeq 2500,SRP069848,PRJNA311498,,311498,SRS1284056,SAMN04482556,simple,8187,Lates calcarifer,ID-K-1,Indonesia,K,,,,,not determined,,no,,,,,TEMASEK LIFE SCIENCES LABORATORY,SRA352596,,public,87986279E580DB683F3E5F87BAABAD58,61764A7C4BD3D55BFB0486C2AE66CFA8
SRR3165614,4/15/16 0:00,2/19/16 14:00,18005315,3637073630,18005315,202,2476,,https://sra-downloadb.be-md.ncbi.nlm.nih.gov/sos5/sra-pub-zq-14/SRR003/165/SRR3165614.sralite.1,SRX1571123,,WGS,unspecified,GENOMIC,PAIRED,0,0,ILLUMINA,Illumina HiSeq 2500,SRP069848,PRJNA311498,,311498,SRS1284057,SAMN04482557,simple,8187,Lates calcarifer,ID-K-2,Indonesia,K,,,,,not determined,,no,,,,,TEMASEK LIFE SCIENCES LABORATORY,SRA352596,,public,D936575955BC77C790E1D2884A6C655E,C3B39751D55AEACBCDF8F802E5E8EEBC
SRR3165615,4/15/16 0:00,2/19/16 12:08,19559157,3950949714,19559157,202,2686,,https://sra-downloadb.be-md.ncbi.nlm.nih.gov/sos5/sra-pub-zq-11/SRR003/165/SRR3165615/SRR3165615.sralite.1,SRX1571124,,WGS,unspecified,GENOMIC,PAIRED,0,0,ILLUMINA,Illumina HiSeq 2500,SRP069848,PRJNA311498,,311498,SRS1284058,SAMN04482558,simple,8187,Lates calcarifer,ID-K-3,Indonesia,K,,,,,not determined,,no,,,,,TEMASEK LIFE SCIENCES LABORATORY,SRA352596,,public,58712EB5A3405ADA604ADBF44D77D815,F721C0FCEDABA62BA687E026ECAF507F
SRR3165616,4/15/16 0:00,2/18/16 18:57,21994265,4442841530,21994265,202,3002,,https://sra-downloadb.be-md.ncbi.nlm.nih.gov/sos5/sra-pub-zq-14/SRR003/165/SRR3165616.sralite.1,SRX1571125,,WGS,unspecified,GENOMIC,PAIRED,0,0,ILLUMINA,Illumina HiSeq 2500,SRP069848,PRJNA311498,,311498,SRS1284059,SAMN04482559,simple,8187,Lates calcarifer,ID-K-4,Indonesia,K,,,,,not determined,,no,,,,,TEMASEK LIFE SCIENCES LABORATORY,SRA352596,,public,693F4864C1E690FFA53B4DFE59FAF48B,5E8C2F0BBF6035C669B9C917850BCB82
SRR3165617,4/15/16 0:00,2/18/16 18:15,22783380,4602242760,22783380,202,3130,,https://sra-downloadb.be-md.ncbi.nlm.nih.gov/sos5/sra-pub-zq-14/SRR003/165/SRR3165617.sralite.1,SRX1571126,,WGS,unspecified,GENOMIC,PAIRED,0,0,ILLUMINA,Illumina HiSeq 2500,SRP069848,PRJNA311498,,311498,SRS1284060,SAMN04482560,simple,8187,Lates calcarifer,ID-K-5,Indonesia,K,,,,,not determined,,no,,,,,TEMASEK LIFE SCIENCES LABORATORY,SRA352596,,public,A1F3E5D0A30FF95EF6A84247697C1423,2AA86C0CC889941866603A0D0474A3B8
SRR3183267,4/15/16 0:00,2/29/16 16:56,38031523,11485519946,38031523,302,5645,,https://sra-downloadb.be-md.ncbi.nlm.nih.gov/sos5/sra-pub-zq-14/SRR003/183/SRR3183267.sralite.1,SRX1571116,,WGS,unspecified,GENOMIC,PAIRED,0,0,ILLUMINA,Illumina HiSeq 2500,SRP069848,PRJNA311498,,311498,SRS1284050,SAMN04482550,simple,8187,Lates calcarifer,ID-SJ-1,Indonesia,SJ,,,,,not determined,,no,,,,,TEMASEK LIFE SCIENCES LABORATORY,SRA352596,,public,9B646401E8E6B9603DEB6CBB8B2F2616,FABA6837381D5E0FB7E41E7C18B78115
SRR3183268,4/15/16 0:00,2/29/16 14:11,36589262,11049957124,36589262,302,5434,,https://sra-downloadb.be-md.ncbi.nlm.nih.gov/sos5/sra-pub-zq-14/SRR003/183/SRR3183268.sralite.1,SRX1571117,,WGS,unspecified,GENOMIC,PAIRED,0,0,ILLUMINA,Illumina HiSeq 2500,SRP069848,PRJNA311498,,311498,SRS1284051,SAMN04482551,simple,8187,Lates calcarifer,ID-SJ-2,Indonesia,SJ,,,,,not determined,,no,,,,,TEMASEK LIFE SCIENCES LABORATORY,SRA352596,,public,2941E4BA1C2B5930326C4F9982822F4F,138F49FC1453E80A4CD22733E3714F96
SRR3183269,4/15/16 0:00,2/29/16 17:28,38298206,11566058212,38298206,302,5680,,https://sra-downloadb.be-md.ncbi.nlm.nih.gov/sos5/sra-pub-zq-14/SRR003/183/SRR3183269.sralite.1,SRX1571118,,WGS,unspecified,GENOMIC,PAIRED,0,0,ILLUMINA,Illumina HiSeq 2500,SRP069848,PRJNA311498,,311498,SRS1284052,SAMN04482552,simple,8187,Lates calcarifer,ID-SJ-3,Indonesia,SJ,,,,,not determined,,no,,,,,TEMASEK LIFE SCIENCES LABORATORY,SRA352596,,public,E3B60CA3B4EFB53E9E2C822DE9B7D0DD,3A9247FFE190A5549160BD08D89AD1A6
SRR3183270,4/15/16 0:00,2/26/16 21:37,84957582,25657189764,84957582,302,12458,,https://sra-downloadb.be-md.ncbi.nlm.nih.gov/sos5/sra-pub-zq-14/SRR003/183/SRR3183270.sralite.1,SRX1571119,,WGS,unspecified,GENOMIC,PAIRED,0,0,ILLUMINA,Illumina HiSeq 2500,SRP069848,PRJNA311498,,311498,SRS1284053,SAMN04482553,simple,8187,Lates calcarifer,ID-SJ-4,Indonesia,SJ,,,,,not determined,,no,,,,,TEMASEK LIFE SCIENCES LABORATORY,SRA352596,,public,95E4044B8B02D87A30EA2E64E5642EFD,2B97F5AE919D2750A2994A6255966963
SRR3183271,4/15/16 0:00,2/29/16 17:51,29072876,8780008552,29072876,302,4356,,https://sra-downloadb.be-md.ncbi.nlm.nih.gov/sos5/sra-pub-zq-14/SRR003/183/SRR3183271.sralite.1,SRX1571120,,WGS,unspecified,GENOMIC,PAIRED,0,0,ILLUMINA,Illumina HiSeq 2500,SRP069848,PRJNA311498,,311498,SRS1284054,SAMN04482554,simple,8187,Lates calcarifer,ID-SJ-5,Indonesia,SJ,,,,,not determined,,no,,,,,TEMASEK LIFE SCIENCES LABORATORY,SRA352596,,public,4D68E1FB09888AE5486D927F826E5A3A,9DBE101CC14B5461AD8215282F4C64DE
SRR3165612,4/15/16 0:00,2/15/16 10:30,21512767,4345578934,21512767,202,2949,,https://sra-downloadb.be-md.ncbi.nlm.nih.gov/sos5/sra-pub-zq-11/SRR003/165/SRR3165612/SRR3165612.sralite.1,SRX1571121,,WGS,unspecified,GENOMIC,PAIRED,0,0,ILLUMINA,Illumina HiSeq 2500,SRP069848,PRJNA311498,,311498,SRS1284055,SAMN04482555,simple,8187,Lates calcarifer,ID-SU-1,Indonesia,SU,,,,,not determined,,no,,,,,TEMASEK LIFE SCIENCES LABORATORY,SRA352596,,public,E2D034B53F697168A0DEC1BBD1F2FEE4,E4CF5C84101E8D2046DAA606944A7D76
SRR3165598,4/15/16 0:00,2/17/16 13:17,21210428,4284506456,21210428,202,2879,,https://sra-downloadb.be-md.ncbi.nlm.nih.gov/sos5/sra-pub-zq-11/SRR003/165/SRR3165598/SRR3165598.sralite.1,SRX1571097,,WGS,unspecified,GENOMIC,PAIRED,0,0,ILLUMINA,Illumina HiSeq 2500,SRP069848,PRJNA311498,,311498,SRS1284031,SAMN04482531,simple,8187,Lates calcarifer,KH-1,Cambodia,,,,,,not determined,,no,,,,,TEMASEK LIFE SCIENCES LABORATORY,SRA352596,,public,B08943FD5D62D7E7D35E9186031DB5A8,08B62C75133F20F21B183D30D0210433
SRR3165599,4/15/16 0:00,2/17/16 12:15,19996791,4039351782,19996791,202,2738,,https://sra-downloadb.be-md.ncbi.nlm.nih.gov/sos5/sra-pub-zq-14/SRR003/165/SRR3165599.sralite.1,SRX1571098,,WGS,unspecified,GENOMIC,PAIRED,0,0,ILLUMINA,Illumina HiSeq 2500,SRP069848,PRJNA311498,,311498,SRS1284033,SAMN04482532,simple,8187,Lates calcarifer,KH-2,Cambodia,,,,,,not determined,,no,,,,,TEMASEK LIFE SCIENCES LABORATORY,SRA352596,,public,0DEB3436E3BA5829CDF88D942B2ECF0B,9C0E03031977DF692B6104D1E3CBBF4F
SRR3165600,4/15/16 0:00,2/17/16 14:23,22511188,4547259976,22511188,202,3063,,https://sra-downloadb.be-md.ncbi.nlm.nih.gov/sos5/sra-pub-zq-11/SRR003/165/SRR3165600/SRR3165600.sralite.1,SRX1571099,,WGS,unspecified,GENOMIC,PAIRED,0,0,ILLUMINA,Illumina HiSeq 2500,SRP069848,PRJNA311498,,311498,SRS1284032,SAMN04482533,simple,8187,Lates calcarifer,KH-3,Cambodia,,,,,,not determined,,no,,,,,TEMASEK LIFE SCIENCES LABORATORY,SRA352596,,public,C858CDCE265C187A64E7B487C1BFE6D1,EB33577DD1A6D92EA1DB7D740B3649C4
SRR3165601,4/15/16 0:00,2/17/16 15:13,19367978,3912331556,19367978,202,2639,,https://sra-downloadb.be-md.ncbi.nlm.nih.gov/sos5/sra-pub-zq-11/SRR003/165/SRR3165601/SRR3165601.sralite.1,SRX1571100,,WGS,unspecified,GENOMIC,PAIRED,0,0,ILLUMINA,Illumina HiSeq 2500,SRP069848,PRJNA311498,,311498,SRS1284034,SAMN04482534,simple,8187,Lates calcarifer,KH-4,Cambodia,,,,,,not determined,,no,,,,,TEMASEK LIFE SCIENCES LABORATORY,SRA352596,,public,DFE7710EE279305DBFE3D7059C6A394A,CDB308CCDA7F585550C8AED532E9CD86
SRR3165602,4/15/16 0:00,2/17/16 17:46,18632872,3763840144,18632872,202,2532,,https://sra-downloadb.be-md.ncbi.nlm.nih.gov/sos5/sra-pub-zq-11/SRR003/165/SRR3165602/SRR3165602.sralite.1,SRX1571101,,WGS,unspecified,GENOMIC,PAIRED,0,0,ILLUMINA,Illumina HiSeq 2500,SRP069848,PRJNA311498,,311498,SRS1284035,SAMN04482535,simple,8187,Lates calcarifer,KH-5,Cambodia,,,,,,not determined,,no,,,,,TEMASEK LIFE SCIENCES LABORATORY,SRA352596,,public,618C5B9CCA78DF8640DBB9F8283055FE,87D1DD122AD6F514C3F277FC45163299
SRR3165624,4/15/16 0:00,2/16/16 7:50,22959856,4637890912,22959856,202,3146,,https://sra-downloadb.be-md.ncbi.nlm.nih.gov/sos5/sra-pub-zq-11/SRR003/165/SRR3165624/SRR3165624.sralite.1,SRX1571133,,WGS,unspecified,GENOMIC,PAIRED,0,0,ILLUMINA,Illumina HiSeq 2500,SRP069848,PRJNA311498,,311498,SRS1284067,SAMN04482567,simple,8187,Lates calcarifer,PG-1,Papua New Guinea,,,,,,not determined,,no,,,,,TEMASEK LIFE SCIENCES LABORATORY,SRA352596,,public,F4194B12D6B6C714BFB075BC0197EF4E,D8FCD642E72CD037EC3DF43D3E29A71C
SRR3165625,4/15/16 0:00,2/19/16 19:11,18154947,3667299294,18154947,202,2465,,https://sra-downloadb.be-md.ncbi.nlm.nih.gov/sos5/sra-pub-zq-11/SRR003/165/SRR3165625/SRR3165625.sralite.1,SRX1571134,,WGS,unspecified,GENOMIC,PAIRED,0,0,ILLUMINA,Illumina HiSeq 2500,SRP069848,PRJNA311498,,311498,SRS1284068,SAMN04482568,simple,8187,Lates calcarifer,PG-2,Papua New Guinea,,,,,,not determined,,no,,,,,TEMASEK LIFE SCIENCES LABORATORY,SRA352596,,public,128BCB6B555D5FC4C18F413E0456C3F4,25929E88997BB577C9C61C00D6F0BE40
SRR3165626,4/15/16 0:00,2/19/16 20:16,19967399,4033414598,19967399,202,2714,,https://sra-downloadb.be-md.ncbi.nlm.nih.gov/sos5/sra-pub-zq-14/SRR003/165/SRR3165626.sralite.1,SRX1571136,,WGS,unspecified,GENOMIC,PAIRED,0,0,ILLUMINA,Illumina HiSeq 2500,SRP069848,PRJNA311498,,311498,SRS1284070,SAMN04482569,simple,8187,Lates calcarifer,PG-3,Papua New Guinea,,,,,,not determined,,no,,,,,TEMASEK LIFE SCIENCES LABORATORY,SRA352596,,public,71D6889D19B74CECCD54D3CEE3E4B67C,D0E13BAB0232DC95D01E41141F4175C2
SRR3165627,4/15/16 0:00,2/16/16 9:48,20388836,4118544872,20388836,202,2783,,https://sra-downloadb.be-md.ncbi.nlm.nih.gov/sos5/sra-pub-zq-11/SRR003/165/SRR3165627/SRR3165627.sralite.1,SRX1571137,,WGS,unspecified,GENOMIC,PAIRED,0,0,ILLUMINA,Illumina HiSeq 2500,SRP069848,PRJNA311498,,311498,SRS1284071,SAMN04482570,simple,8187,Lates calcarifer,PG-4,Papua New Guinea,,,,,,not determined,,no,,,,,TEMASEK LIFE SCIENCES LABORATORY,SRA352596,,public,F7E8B3B54579ACBA3C3D52EB09514586,B4F8D5255B201C13EF186CAC97A05C88
SRR3165628,4/15/16 0:00,2/16/16 8:43,18559918,3749103436,18559918,202,2519,,https://sra-downloadb.be-md.ncbi.nlm.nih.gov/sos5/sra-pub-zq-11/SRR003/165/SRR3165628/SRR3165628.sralite.1,SRX1571138,,WGS,unspecified,GENOMIC,PAIRED,0,0,ILLUMINA,Illumina HiSeq 2500,SRP069848,PRJNA311498,,311498,SRS1284072,SAMN04482571,simple,8187,Lates calcarifer,PG-5,Papua New Guinea,,,,,,not determined,,no,,,,,TEMASEK LIFE SCIENCES LABORATORY,SRA352596,,public,C23CB5168CDF96C946C00918071A578D,7B193C8688FE624BD3D677C9D6FA863D
SRR3165607,4/15/16 0:00,2/19/16 16:57,19943558,4028598716,19943558,202,2727,,https://sra-downloadb.be-md.ncbi.nlm.nih.gov/sos5/sra-pub-zq-14/SRR003/165/SRR3165607.sralite.1,SRX1571111,,WGS,unspecified,GENOMIC,PAIRED,0,0,ILLUMINA,Illumina HiSeq 2500,SRP069848,PRJNA311498,,311498,SRS1284045,SAMN04482545,simple,8187,Lates calcarifer,PH-1,Philippines,,,,,,not determined,,no,,,,,TEMASEK LIFE SCIENCES LABORATORY,SRA352596,,public,E3A422C803C31023FF3C57B48B6FCCB7,271BA1C12406D85836F4AD33357989F2
SRR3165608,4/15/16 0:00,2/19/16 16:58,20353362,4111379124,20353362,202,2803,,https://sra-downloadb.be-md.ncbi.nlm.nih.gov/sos5/sra-pub-zq-14/SRR003/165/SRR3165608.sralite.1,SRX1571112,,WGS,unspecified,GENOMIC,PAIRED,0,0,ILLUMINA,Illumina HiSeq 2500,SRP069848,PRJNA311498,,311498,SRS1284046,SAMN04482546,simple,8187,Lates calcarifer,PH-2,Philippines,,,,,,not determined,,no,,,,,TEMASEK LIFE SCIENCES LABORATORY,SRA352596,,public,8991D3D57A64F589F929AA6D371D0D2B,11DCF143CD020B86B25E2F1FE889F81D
SRR3165609,4/15/16 0:00,2/19/16 14:42,25894582,5230705564,25894582,202,3556,,https://sra-downloadb.be-md.ncbi.nlm.nih.gov/sos5/sra-pub-zq-14/SRR003/165/SRR3165609.sralite.1,SRX1571113,,WGS,unspecified,GENOMIC,PAIRED,0,0,ILLUMINA,Illumina HiSeq 2500,SRP069848,PRJNA311498,,311498,SRS1284047,SAMN04482547,simple,8187,Lates calcarifer,PH-3,Philippines,,,,,,not determined,,no,,,,,TEMASEK LIFE SCIENCES LABORATORY,SRA352596,,public,D93B4E157BF8B5C9FE6A330BA342CB75,614F6879E1AF61E99046D44C12ACC77D
SRR3165610,4/15/16 0:00,2/19/16 18:41,19411146,3921051492,19411146,202,2663,,https://sra-downloadb.be-md.ncbi.nlm.nih.gov/sos5/sra-pub-zq-14/SRR003/165/SRR3165610.sralite.1,SRX1571114,,WGS,unspecified,GENOMIC,PAIRED,0,0,ILLUMINA,Illumina HiSeq 2500,SRP069848,PRJNA311498,,311498,SRS1284048,SAMN04482548,simple,8187,Lates calcarifer,PH-4,Philippines,,,,,,not determined,,no,,,,,TEMASEK LIFE SCIENCES LABORATORY,SRA352596,,public,425A9B3A8161C14BE99374C859FF0F9D,FE73BFB22A0E69A33A4F9A5B23A66540
SRR3165611,4/15/16 0:00,2/19/16 18:42,22588281,4562832762,22588281,202,3056,,https://sra-downloadb.be-md.ncbi.nlm.nih.gov/sos5/sra-pub-zq-11/SRR003/165/SRR3165611/SRR3165611.sralite.1,SRX1571115,,WGS,unspecified,GENOMIC,PAIRED,0,0,ILLUMINA,Illumina HiSeq 2500,SRP069848,PRJNA311498,,311498,SRS1284049,SAMN04482549,simple,8187,Lates calcarifer,PH-5,Philippines,,,,,,not determined,,no,,,,,TEMASEK LIFE SCIENCES LABORATORY,SRA352596,,public,68C3FA993AFCAF4C59C915F0F6C3C336,C09B1DC7EC96FC50B03ABB874AF23DD2
SRR3165603,4/15/16 0:00,2/14/16 11:09,22278582,4500273564,22278582,202,2169,,https://sra-downloadb.be-md.ncbi.nlm.nih.gov/sos5/sra-pub-zq-14/SRR003/165/SRR3165603.sralite.1,SRX1571102,,WGS,unspecified,GENOMIC,PAIRED,0,0,ILLUMINA,Illumina HiSeq 2500,SRP069848,PRJNA311498,,311498,SRS1284036,SAMN04482536,simple,8187,Lates calcarifer,TH-EC-1,Thailand,EC,,,,,not determined,,no,,,,,TEMASEK LIFE SCIENCES LABORATORY,SRA352596,,public,7D4E5D6C4871EB7BB6DB92F9E8BA83B9,A1F4811584046BE62896508882FCD9FE
SRR3183262,4/15/16 0:00,2/29/16 22:17,38267864,11556894928,38267864,302,5690,,https://sra-downloadb.be-md.ncbi.nlm.nih.gov/sos5/sra-pub-zq-14/SRR003/183/SRR3183262.sralite.1,SRX1571103,,WGS,unspecified,GENOMIC,PAIRED,0,0,ILLUMINA,Illumina HiSeq 2500,SRP069848,PRJNA311498,,311498,SRS1284037,SAMN04482537,simple,8187,Lates calcarifer,TH-EC-2,Thailand,EC,,,,,not determined,,no,,,,,TEMASEK LIFE SCIENCES LABORATORY,SRA352596,,public,3E7D32362D302E7FA9F98EC9A25AC262,F2AACEC439685FB0203ACE70B04A3175
SRR3183263,4/15/16 0:00,3/11/16 4:02,48254798,14572948996,48254798,302,7162,,https://sra-downloadb.be-md.ncbi.nlm.nih.gov/sos5/sra-pub-zq-11/SRR003/183/SRR3183263/SRR3183263.sralite.1,SRX1571104,,WGS,unspecified,GENOMIC,PAIRED,0,0,ILLUMINA,Illumina HiSeq 2500,SRP069848,PRJNA311498,,311498,SRS1284038,SAMN04482538,simple,8187,Lates calcarifer,TH-EC-3,Thailand,EC,,,,,not determined,,no,,,,,TEMASEK LIFE SCIENCES LABORATORY,SRA352596,,public,BABE12816DFE69B0B31062E3D14B1792,EEB3478DE98382CAED47D1E7DF13271F
SRR3183264,4/15/16 0:00,3/11/16 14:37,70667080,19017752160,70667080,269,9344,,https://sra-downloadb.be-md.ncbi.nlm.nih.gov/sos5/sra-pub-zq-11/SRR003/183/SRR3183264/SRR3183264.sralite.1,SRX1571105,,WGS,unspecified,GENOMIC,PAIRED,0,0,ILLUMINA,Illumina HiSeq 2500,SRP069848,PRJNA311498,,311498,SRS1284039,SAMN04482539,simple,8187,Lates calcarifer,TH-EC-4,Thailand,EC,,,,,not determined,,no,,,,,TEMASEK LIFE SCIENCES LABORATORY,SRA352596,,public,971257D4B28B08258459475E352AF8B4,7683093D5E5AA6C6DFA350F336C17972
SRR3183265,4/15/16 0:00,3/11/16 14:33,61933695,16512141190,61933695,266,8083,,https://sra-downloadb.be-md.ncbi.nlm.nih.gov/sos5/sra-pub-zq-11/SRR003/183/SRR3183265/SRR3183265.sralite.1,SRX1571106,,WGS,unspecified,GENOMIC,PAIRED,0,0,ILLUMINA,Illumina HiSeq 2500,SRP069848,PRJNA311498,,311498,SRS1284040,SAMN04482540,simple,8187,Lates calcarifer,TH-EC-5,Thailand,EC,,,,,not determined,,no,,,,,TEMASEK LIFE SCIENCES LABORATORY,SRA352596,,public,BABB579EB870EB0CEE42993C438E04A2,BCFD348B2A7E533968A66C931BF0D006
SRR3165604,4/15/16 0:00,2/15/16 11:26,22094622,4463113644,22094622,202,2163,,https://sra-downloadb.be-md.ncbi.nlm.nih.gov/sos5/sra-pub-zq-14/SRR003/165/SRR3165604.sralite.1,SRX1571107,,WGS,unspecified,GENOMIC,PAIRED,0,0,ILLUMINA,Illumina HiSeq 2500,SRP069848,PRJNA311498,,311498,SRS1284041,SAMN04482541,simple,8187,Lates calcarifer,TH-EC-6,Thailand,EC,,,,,not determined,,no,,,,,TEMASEK LIFE SCIENCES LABORATORY,SRA352596,,public,56CD8A5A26616FD5CED8D1006E722868,29CAE9989243C92FF891A81B48C77705
SRR3183266,4/15/16 0:00,3/11/16 5:11,37884642,11441161884,37884642,302,5621,,https://sra-downloadb.be-md.ncbi.nlm.nih.gov/sos5/sra-pub-zq-11/SRR003/183/SRR3183266/SRR3183266.sralite.1,SRX1571108,,WGS,unspecified,GENOMIC,PAIRED,0,0,ILLUMINA,Illumina HiSeq 2500,SRP069848,PRJNA311498,,311498,SRS1284042,SAMN04482542,simple,8187,Lates calcarifer,TH-EC-7,Thailand,EC,,,,,not determined,,no,,,,,TEMASEK LIFE SCIENCES LABORATORY,SRA352596,,public,85A0C947E291592EF8510338762600CD,C11C776CD4F0F28483D96A1257651E95
SRR3165605,4/15/16 0:00,2/14/16 10:03,21843423,4412371446,21843423,202,3010,,https://sra-downloadb.be-md.ncbi.nlm.nih.gov/sos5/sra-pub-zq-14/SRR003/165/SRR3165605.sralite.1,SRX1571109,,WGS,unspecified,GENOMIC,PAIRED,0,0,ILLUMINA,Illumina HiSeq 2500,SRP069848,PRJNA311498,,311498,SRS1284043,SAMN04482543,simple,8187,Lates calcarifer,VN-1,Vietnam,,,,,,not determined,,no,,,,,TEMASEK LIFE SCIENCES LABORATORY,SRA352596,,public,DFECC0CD622200DF137CB8BAB99AD80D,8297849224B5928790402E1D796F0349
SRR3165606,4/15/16 0:00,2/14/16 9:01,23522735,4751592470,23522735,202,3254,,https://sra-downloadb.be-md.ncbi.nlm.nih.gov/sos5/sra-pub-zq-11/SRR003/165/SRR3165606/SRR3165606.sralite.1,SRX1571110,,WGS,unspecified,GENOMIC,PAIRED,0,0,ILLUMINA,Illumina HiSeq 2500,SRP069848,PRJNA311498,,311498,SRS1284044,SAMN04482544,simple,8187,Lates calcarifer,VN-2,Vietnam,,,,,,not determined,,no,,,,,TEMASEK LIFE SCIENCES LABORATORY,SRA352596,,public,B48B9D2DE12EBA9A876B520E68D01102,B3218BB28F88911F12162DB9FDE0D6E1
SRR3183252,4/15/16 0:00,2/25/16 10:17,40385415,12115624500,40385415,300,5448,,https://sra-downloadb.be-md.ncbi.nlm.nih.gov/sos5/sra-pub-zq-11/SRR003/183/SRR3183252/SRR3183252.sralite.1,SRX1569684,,WGS,unspecified,GENOMIC,PAIRED,0,0,ILLUMINA,Illumina HiSeq 2500,SRP069848,PRJNA311498,,311498,SRS1283155,SAMN04482517,simple,8187,Lates calcarifer,I-EC-1,India Eastern Coast,,,,,,not determined,,no,,,,,TEMASEK LIFE SCIENCES LABORATORY,SRA352596,,public,C56B4F51AAF2487D350EAC8F6976BAAC,74967F319D8AB7545996EB10004636B1