Run,Assay Type,AvgSpotLen,Bases,BIOMATERIAL_PROVIDER,BioProject,BioSample,BioSampleModel,Bytes,Center Name,Collection_Date,Consent,DATASTORE filetype,DATASTORE provider,DATASTORE region,env_broad_scale,env_local_scale,env_medium,estimated_size,Experiment,geo_loc_name_country,geo_loc_name_country_continent,geo_loc_name,Instrument,isol_growth_condt,Isolate,Lat_Lon,Library Name,LibraryLayout,LibrarySelection,LibrarySource,num_replicons,Organism,Platform,Ploidy,project_name,propagation,ReleaseDate,Sample Name,Sample_Name,SRA Study,create_date,version,Aligned,Filtered,Coverage,Location,Pop,Path
DRR111126,RAD-Seq,280,2592311400,AVA,PRJDB3890,SAMD00099252,MIGS.eu,1274068007,TEMASEK,2007,public,"run.zq,sra","ncbi,gs,s3","s3.us-east-1,gs.US,ncbi.public",missing,missing,missing,missing,DRX104193,Australia,Oceania,Australia,NextSeq 500,missing,sample_02,18.41 S 146.64 E,GBS_1,PAIRED,Restriction Digest,GENOMIC,1,Lates calcarifer,ILLUMINA,diploid,Assessment of genetic diversity of Asianseabass,sexual,2017-11-21T00:00:00Z,SAMD00099252,sample_02,DRP003286,2017-12-07T21:32:00Z,1,19330808,6000421,0.926746,Australia-18.41 S 146.64 E,AUE,bams/DRR111126.sort.flt.bam
DRR111127,RAD-Seq,280,2116679040,AVA,PRJDB3890,SAMD00099253,MIGS.eu,1015823966,TEMASEK,2007,public,"sra,run.zq","gs,ncbi,s3","ncbi.public,gs.US,s3.us-east-1",missing,missing,missing,missing,DRX104194,Australia,Oceania,Australia,NextSeq 500,missing,sample_03,18.41 S 146.64 E,GBS_1,PAIRED,Restriction Digest,GENOMIC,1,Lates calcarifer,ILLUMINA,diploid,Assessment of genetic diversity of Asianseabass,sexual,2017-11-21T00:00:00Z,SAMD00099253,sample_03,DRP003286,2017-12-07T21:26:00Z,1,15845649,5460337,0.863523,Australia-18.41 S 146.64 E,AUE,bams/DRR111127.sort.flt.bam
DRR111128,RAD-Seq,280,2516307920,AVA,PRJDB3890,SAMD00099254,MIGS.eu,1197034882,TEMASEK,2007,public,"run.zq,sra","ncbi,s3,gs","ncbi.public,gs.US,s3.us-east-1",missing,missing,missing,missing,DRX104195,Australia,Oceania,Australia,NextSeq 500,missing,sample_04,18.41 S 146.64 E,GBS_1,PAIRED,Restriction Digest,GENOMIC,1,Lates calcarifer,ILLUMINA,diploid,Assessment of genetic diversity of Asianseabass,sexual,2017-11-21T00:00:00Z,SAMD00099254,sample_04,DRP003286,2017-12-07T21:14:00Z,1,18958017,6000685,0.913023,Australia-18.41 S 146.64 E,AUE,bams/DRR111128.sort.flt.bam
DRR111129,RAD-Seq,280,2449169520,AVA,PRJDB3890,SAMD00099255,MIGS.eu,1166851596,TEMASEK,2007,public,"sra,run.zq","ncbi,s3,gs","ncbi.public,s3.us-east-1,gs.US",missing,missing,missing,missing,DRX104196,Australia,Oceania,Australia,NextSeq 500,missing,sample_05,18.41 S 146.64 E,GBS_1,PAIRED,Restriction Digest,GENOMIC,1,Lates calcarifer,ILLUMINA,diploid,Assessment of genetic diversity of Asianseabass,sexual,2017-11-21T00:00:00Z,SAMD00099255,sample_05,DRP003286,2017-12-07T21:23:00Z,1,18277366,5549879,0.860358,Australia-18.41 S 146.64 E,AUE,bams/DRR111129.sort.flt.bam
DRR111130,RAD-Seq,280,2476472600,AVA,PRJDB3890,SAMD00099256,MIGS.eu,1216912764,TEMASEK,2007,public,"sra,run.zq","gs,s3,ncbi","ncbi.public,s3.us-east-1,gs.US",missing,missing,missing,missing,DRX104197,Australia,Oceania,Australia,NextSeq 500,missing,sample_06,18.41 S 146.64 E,GBS_1,PAIRED,Restriction Digest,GENOMIC,1,Lates calcarifer,ILLUMINA,diploid,Assessment of genetic diversity of Asianseabass,sexual,2017-11-21T00:00:00Z,SAMD00099256,sample_06,DRP003286,2017-12-07T21:13:00Z,1,18459678,5730462,0.890912,Australia-18.41 S 146.64 E,AUE,bams/DRR111130.sort.flt.bam
DRR111132,RAD-Seq,280,828872520,AVA,PRJDB3890,SAMD00099258,MIGS.eu,416059909,TEMASEK,2007,public,"sra,run.zq","ncbi,gs,s3","ncbi.public,gs.US,s3.us-east-1",missing,missing,missing,missing,DRX104199,Australia,Oceania,Australia,NextSeq 500,missing,sample_17,18.41 S 146.64 E,GBS_1,PAIRED,Restriction Digest,GENOMIC,1,Lates calcarifer,ILLUMINA,diploid,Assessment of genetic diversity of Asianseabass,sexual,2017-11-21T00:00:00Z,SAMD00099258,sample_17,DRP003286,2017-12-07T21:19:00Z,1,6008802,2177951,0.38877,Australia-18.41 S 146.64 E,AUE,bams/DRR111132.sort.flt.bam
DRR111133,RAD-Seq,280,829068800,AVA,PRJDB3890,SAMD00099259,MIGS.eu,404934236,TEMASEK,2007,public,"sra,run.zq","s3,gs,ncbi","s3.us-east-1,gs.US,ncbi.public",missing,missing,missing,missing,DRX104200,Australia,Oceania,Australia,NextSeq 500,missing,sample_18,18.41 S 146.64 E,GBS_1,PAIRED,Restriction Digest,GENOMIC,1,Lates calcarifer,ILLUMINA,diploid,Assessment of genetic diversity of Asianseabass,sexual,2017-11-21T00:00:00Z,SAMD00099259,sample_18,DRP003286,2017-12-07T21:21:00Z,1,6013586,2053202,0.37315,Australia-18.41 S 146.64 E,AUE,bams/DRR111133.sort.flt.bam
DRR111137,RAD-Seq,280,849661680,AVA,PRJDB3890,SAMD00099263,MIGS.eu,417854613,TEMASEK,2007,public,"run.zq,sra","s3,ncbi,gs","s3.us-east-1,gs.US,ncbi.public",missing,missing,missing,missing,DRX104204,Australia,Oceania,Australia,NextSeq 500,missing,sample_29,18.41 S 146.64 E,GBS_1,PAIRED,Restriction Digest,GENOMIC,1,Lates calcarifer,ILLUMINA,diploid,Assessment of genetic diversity of Asianseabass,sexual,2017-11-21T00:00:00Z,SAMD00099263,sample_29,DRP003286,2017-12-07T21:12:00Z,1,6155457,2140128,0.391685,Australia-18.41 S 146.64 E,AUE,bams/DRR111137.sort.flt.bam
DRR111139,RAD-Seq,280,2278107440,AVA,PRJDB3890,SAMD00099265,MIGS.eu,1075948332,TEMASEK,2007,public,"sra,run.zq","ncbi,gs,s3","gs.US,ncbi.public,s3.us-east-1",missing,missing,missing,missing,DRX104206,Papua New Guinea,Oceania,Papua New Guinea,NextSeq 500,missing,sample_37,9.42 S 140.93 E,GBS_1,PAIRED,Restriction Digest,GENOMIC,1,Lates calcarifer,ILLUMINA,diploid,Assessment of genetic diversity of Asianseabass,sexual,2017-11-21T00:00:00Z,SAMD00099265,sample_37,DRP003286,2017-12-07T21:21:00Z,1,17201888,5427151,0.825359,Papua New Guinea-9.42 S 140.93 E,PNG,bams/DRR111139.sort.flt.bam
DRR111141,RAD-Seq,280,1770466600,AVA,PRJDB3890,SAMD00099267,MIGS.eu,849914309,TEMASEK,2007,public,"sra,run.zq","gs,s3,ncbi","ncbi.public,gs.US,s3.us-east-1",missing,missing,missing,missing,DRX104208,Papua New Guinea,Oceania,Papua New Guinea,NextSeq 500,missing,sample_39,9.42 S 140.93 E,GBS_1,PAIRED,Restriction Digest,GENOMIC,1,Lates calcarifer,ILLUMINA,diploid,Assessment of genetic diversity of Asianseabass,sexual,2017-11-21T00:00:00Z,SAMD00099267,sample_39,DRP003286,2017-12-07T21:17:00Z,1,13199205,4232769,0.682727,Papua New Guinea-9.42 S 140.93 E,PNG,bams/DRR111141.sort.flt.bam
DRR111142,RAD-Seq,280,2218951280,AVA,PRJDB3890,SAMD00099268,MIGS.eu,1060548466,TEMASEK,2007,public,"run.zq,sra","gs,s3,ncbi","ncbi.public,s3.us-east-1,gs.US",missing,missing,missing,missing,DRX104209,Papua New Guinea,Oceania,Papua New Guinea,NextSeq 500,missing,sample_40,9.42 S 140.93 E,GBS_1,PAIRED,Restriction Digest,GENOMIC,1,Lates calcarifer,ILLUMINA,diploid,Assessment of genetic diversity of Asianseabass,sexual,2017-11-21T00:00:00Z,SAMD00099268,sample_40,DRP003286,2017-12-11T14:28:00Z,1,16773523,5488108,0.821522,Papua New Guinea-9.42 S 140.93 E,PNG,bams/DRR111142.sort.flt.bam
DRR111143,RAD-Seq,280,2307700080,AVA,PRJDB3890,SAMD00099269,MIGS.eu,1106501484,TEMASEK,2007,public,"run.zq,sra","ncbi,gs,s3","ncbi.public,gs.US,s3.us-east-1",missing,missing,missing,missing,DRX104210,Papua New Guinea,Oceania,Papua New Guinea,NextSeq 500,missing,sample_41,9.42 S 140.93 E,GBS_1,PAIRED,Restriction Digest,GENOMIC,1,Lates calcarifer,ILLUMINA,diploid,Assessment of genetic diversity of Asianseabass,sexual,2017-11-21T00:00:00Z,SAMD00099269,sample_41,DRP003286,2017-12-07T21:26:00Z,1,17331141,5371447,0.811389,Papua New Guinea-9.42 S 140.93 E,PNG,bams/DRR111143.sort.flt.bam
DRR111144,RAD-Seq,280,2277332120,AVA,PRJDB3890,SAMD00099270,MIGS.eu,1096327417,TEMASEK,2007,public,"sra,run.zq","ncbi,s3,gs","s3.us-east-1,ncbi.public,gs.US",missing,missing,missing,missing,DRX104211,Papua New Guinea,Oceania,Papua New Guinea,NextSeq 500,missing,sample_42,9.42 S 140.93 E,GBS_1,PAIRED,Restriction Digest,GENOMIC,1,Lates calcarifer,ILLUMINA,diploid,Assessment of genetic diversity of Asianseabass,sexual,2017-11-21T00:00:00Z,SAMD00099270,sample_42,DRP003286,2017-12-07T21:16:00Z,1,17263460,5796223,0.860281,Papua New Guinea-9.42 S 140.93 E,PNG,bams/DRR111144.sort.flt.bam
DRR111146,RAD-Seq,280,2513430080,AVA,PRJDB3890,SAMD00099272,MIGS.eu,1199927343,TEMASEK,2007,public,"sra,run.zq","s3,gs,ncbi","ncbi.public,s3.us-east-1,gs.US",missing,missing,missing,missing,DRX104213,Papua New Guinea,Oceania,Papua New Guinea,NextSeq 500,missing,sample_44,9.42 S 140.93 E,GBS_1,PAIRED,Restriction Digest,GENOMIC,1,Lates calcarifer,ILLUMINA,diploid,Assessment of genetic diversity of Asianseabass,sexual,2017-11-21T00:00:00Z,SAMD00099272,sample_44,DRP003286,2017-12-07T21:35:00Z,1,18971758,6045484,0.903363,Papua New Guinea-9.42 S 140.93 E,PNG,bams/DRR111146.sort.flt.bam
DRR111148,RAD-Seq,280,2000276880,AVA,PRJDB3890,SAMD00099274,MIGS.eu,945233292,TEMASEK,2007,public,"run.zq,sra","gs,ncbi,s3","s3.us-east-1,gs.US,ncbi.public",missing,missing,missing,missing,DRX104215,Papua New Guinea,Oceania,Papua New Guinea,NextSeq 500,missing,sample_46,9.42 S 140.93 E,GBS_1,PAIRED,Restriction Digest,GENOMIC,1,Lates calcarifer,ILLUMINA,diploid,Assessment of genetic diversity of Asianseabass,sexual,2017-11-21T00:00:00Z,SAMD00099274,sample_46,DRP003286,2017-12-07T21:19:00Z,1,15147889,4982150,0.752713,Papua New Guinea-9.42 S 140.93 E,PNG,bams/DRR111148.sort.flt.bam
DRR111154,RAD-Seq,280,1748453840,AVA,PRJDB3890,SAMD00099280,MIGS.eu,882717638,TEMASEK,2007,public,"sra,run.zq","ncbi,s3,gs","gs.US,s3.us-east-1,ncbi.public",missing,missing,missing,missing,DRX104221,Papua New Guinea,Oceania,Papua New Guinea,NextSeq 500,missing,sample_58,9.42 S 140.93 E,GBS_1,PAIRED,Restriction Digest,GENOMIC,1,Lates calcarifer,ILLUMINA,diploid,Assessment of genetic diversity of Asianseabass,sexual,2017-11-21T00:00:00Z,SAMD00099280,sample_58,DRP003286,2017-12-07T21:13:00Z,1,13277382,4485969,0.668093,Papua New Guinea-9.42 S 140.93 E,PNG,bams/DRR111154.sort.flt.bam
DRR111155,RAD-Seq,280,1805113800,AVA,PRJDB3890,SAMD00099281,MIGS.eu,880760822,TEMASEK,2007,public,"sra,run.zq","ncbi,gs,s3","gs.US,s3.us-east-1,ncbi.public",missing,missing,missing,missing,DRX104222,Papua New Guinea,Oceania,Papua New Guinea,NextSeq 500,missing,sample_59,9.42 S 140.93 E,GBS_1,PAIRED,Restriction Digest,GENOMIC,1,Lates calcarifer,ILLUMINA,diploid,Assessment of genetic diversity of Asianseabass,sexual,2017-11-21T00:00:00Z,SAMD00099281,sample_59,DRP003286,2017-12-07T21:14:00Z,1,13608212,4814272,0.738105,Papua New Guinea-9.42 S 140.93 E,PNG,bams/DRR111155.sort.flt.bam
DRR111166,RAD-Seq,280,1445194800,AVA,PRJDB3890,SAMD00099292,MIGS.eu,680228963,TEMASEK,2006,public,"run.zq,sra","ncbi,gs,s3","ncbi.public,s3.us-east-1,gs.US",missing,missing,missing,missing,DRX104233,Australia,Oceania,Australia,NextSeq 500,missing,sample_165,13.38 S 127.04 E,GBS_1,PAIRED,Restriction Digest,GENOMIC,1,Lates calcarifer,ILLUMINA,diploid,Assessment of genetic diversity of Asianseabass,sexual,2017-11-21T00:00:00Z,SAMD00099292,sample_165,DRP003286,2017-12-07T21:32:00Z,1,11204929,4116807,0.614611,Australia-13.38 S 127.04 E,AUW,bams/DRR111166.sort.flt.bam
DRR111167,RAD-Seq,280,1233419880,AVA,PRJDB3890,SAMD00099293,MIGS.eu,584157580,TEMASEK,2006,public,"run.zq,sra","ncbi,s3,gs","ncbi.public,s3.us-east-1,gs.US",missing,missing,missing,missing,DRX104234,Australia,Oceania,Australia,NextSeq 500,missing,sample_166,13.38 S 127.04 E,GBS_1,PAIRED,Restriction Digest,GENOMIC,1,Lates calcarifer,ILLUMINA,diploid,Assessment of genetic diversity of Asianseabass,sexual,2017-11-21T00:00:00Z,SAMD00099293,sample_166,DRP003286,2017-12-07T21:21:00Z,1,9748777,3606447,0.546681,Australia-13.38 S 127.04 E,AUW,bams/DRR111167.sort.flt.bam
DRR111171,RAD-Seq,280,1566997600,AVA,PRJDB3890,SAMD00099297,MIGS.eu,737017876,TEMASEK,2006,public,"run.zq,sra","gs,s3,ncbi","ncbi.public,gs.US,s3.us-east-1",missing,missing,missing,missing,DRX104238,Australia,Oceania,Australia,NextSeq 500,missing,sample_170,13.38 S 127.04 E,GBS_1,PAIRED,Restriction Digest,GENOMIC,1,Lates calcarifer,ILLUMINA,diploid,Assessment of genetic diversity of Asianseabass,sexual,2017-11-21T00:00:00Z,SAMD00099297,sample_170,DRP003286,2017-12-07T21:13:00Z,1,12214803,4468243,0.66898,Australia-13.38 S 127.04 E,AUW,bams/DRR111171.sort.flt.bam
DRR111176,RAD-Seq,280,1729818160,AVA,PRJDB3890,SAMD00099302,MIGS.eu,821901383,TEMASEK,2006,public,"run.zq,sra","s3,ncbi,gs","gs.US,ncbi.public,s3.us-east-1",missing,missing,missing,missing,DRX104243,Australia,Oceania,Australia,NextSeq 500,missing,sample_175,13.38 S 127.04 E,GBS_1,PAIRED,Restriction Digest,GENOMIC,1,Lates calcarifer,ILLUMINA,diploid,Assessment of genetic diversity of Asianseabass,sexual,2017-11-21T00:00:00Z,SAMD00099302,sample_175,DRP003286,2017-12-07T21:16:00Z,1,13491062,4946041,0.730528,Australia-13.38 S 127.04 E,AUW,bams/DRR111176.sort.flt.bam
DRR111177,RAD-Seq,280,1843866640,AVA,PRJDB3890,SAMD00099303,MIGS.eu,862956959,TEMASEK,2006,public,"run.zq,sra","ncbi,gs,s3","gs.US,ncbi.public,s3.us-east-1",missing,missing,missing,missing,DRX104244,Australia,Oceania,Australia,NextSeq 500,missing,sample_176,13.38 S 127.04 E,GBS_1,PAIRED,Restriction Digest,GENOMIC,1,Lates calcarifer,ILLUMINA,diploid,Assessment of genetic diversity of Asianseabass,sexual,2017-11-21T00:00:00Z,SAMD00099303,sample_176,DRP003286,2017-12-07T21:25:00Z,1,14212688,5164050,0.764025,Australia-13.38 S 127.04 E,AUW,bams/DRR111177.sort.flt.bam
DRR111178,RAD-Seq,280,1568619360,AVA,PRJDB3890,SAMD00099304,MIGS.eu,740846360,TEMASEK,2006,public,"run.zq,sra","ncbi,s3,gs","s3.us-east-1,gs.US,ncbi.public",missing,missing,missing,missing,DRX104245,Australia,Oceania,Australia,NextSeq 500,missing,sample_177,13.38 S 127.04 E,GBS_1,PAIRED,Restriction Digest,GENOMIC,1,Lates calcarifer,ILLUMINA,diploid,Assessment of genetic diversity of Asianseabass,sexual,2017-11-21T00:00:00Z,SAMD00099304,sample_177,DRP003286,2017-12-07T21:25:00Z,1,12356185,4638055,0.67471,Australia-13.38 S 127.04 E,AUW,bams/DRR111178.sort.flt.bam
DRR111179,RAD-Seq,280,1919194480,AVA,PRJDB3890,SAMD00099305,MIGS.eu,907612196,TEMASEK,2006,public,"run.zq,sra","ncbi,s3,gs","s3.us-east-1,ncbi.public,gs.US",missing,missing,missing,missing,DRX104246,Australia,Oceania,Australia,NextSeq 500,missing,sample_178,13.38 S 127.04 E,GBS_1,PAIRED,Restriction Digest,GENOMIC,1,Lates calcarifer,ILLUMINA,diploid,Assessment of genetic diversity of Asianseabass,sexual,2017-11-21T00:00:00Z,SAMD00099305,sample_178,DRP003286,2017-12-07T21:15:00Z,1,14836600,5764788,0.830537,Australia-13.38 S 127.04 E,AUW,bams/DRR111179.sort.flt.bam
DRR111182,RAD-Seq,280,1882392120,AVA,PRJDB3890,SAMD00099308,MIGS.eu,898774788,TEMASEK,2006,public,"run.zq,sra","s3,ncbi,gs","ncbi.public,gs.US,s3.us-east-1",missing,missing,missing,missing,DRX104249,Australia,Oceania,Australia,NextSeq 500,missing,sample_181,13.38 S 127.04 E,GBS_1,PAIRED,Restriction Digest,GENOMIC,1,Lates calcarifer,ILLUMINA,diploid,Assessment of genetic diversity of Asianseabass,sexual,2017-11-21T00:00:00Z,SAMD00099308,sample_181,DRP003286,2017-12-11T14:28:00Z,1,14523198,5348997,0.769317,Australia-13.38 S 127.04 E,AUW,bams/DRR111182.sort.flt.bam
DRR111183,RAD-Seq,280,2004522800,AVA,PRJDB3890,SAMD00099309,MIGS.eu,947354777,TEMASEK,2006,public,"run.zq,sra","gs,s3,ncbi","s3.us-east-1,gs.US,ncbi.public",missing,missing,missing,missing,DRX104250,Australia,Oceania,Australia,NextSeq 500,missing,sample_182,13.38 S 127.04 E,GBS_1,PAIRED,Restriction Digest,GENOMIC,1,Lates calcarifer,ILLUMINA,diploid,Assessment of genetic diversity of Asianseabass,sexual,2017-11-21T00:00:00Z,SAMD00099309,sample_182,DRP003286,2017-12-07T21:32:00Z,1,15559596,5687461,0.810238,Australia-13.38 S 127.04 E,AUW,bams/DRR111183.sort.flt.bam
DRR111184,RAD-Seq,280,731857560,AVA,PRJDB3890,SAMD00099310,MIGS.eu,343921607,TEMASEK,2006,public,"run.zq,sra","gs,ncbi,s3","gs.US,ncbi.public,s3.us-east-1",missing,missing,missing,missing,DRX104251,Australia,Oceania,Australia,NextSeq 500,missing,sample_184,13.38 S 127.04 E,GBS_1,PAIRED,Restriction Digest,GENOMIC,1,Lates calcarifer,ILLUMINA,diploid,Assessment of genetic diversity of Asianseabass,sexual,2017-11-21T00:00:00Z,SAMD00099310,sample_184,DRP003286,2017-12-07T21:22:00Z,1,5642279,2483818,0.381882,Australia-13.38 S 127.04 E,AUW,bams/DRR111184.sort.flt.bam
DRR111186,RAD-Seq,280,1540881160,AVA,PRJDB3890,SAMD00099312,MIGS.eu,736051989,TEMASEK,2004,public,"run.zq,sra","ncbi,gs,s3","gs.US,s3.us-east-1,ncbi.public",missing,missing,missing,missing,DRX104253,Indonesia,Asia,Indonesia,NextSeq 500,missing,sample_77,1.66 S 104.87 E,GBS_1,PAIRED,Restriction Digest,GENOMIC,1,Lates calcarifer,ILLUMINA,diploid,Assessment of genetic diversity of Asianseabass,sexual,2017-11-21T00:00:00Z,SAMD00099312,sample_77,DRP003286,2017-12-07T21:10:00Z,1,11924098,4375621,0.639655,Indonesia-1.66 S 104.87 E,INA,bams/DRR111186.sort.flt.bam
DRR111193,RAD-Seq,280,1608791240,AVA,PRJDB3890,SAMD00099319,MIGS.eu,788589218,TEMASEK,2004,public,"run.zq,sra","gs,s3,ncbi","gs.US,s3.us-east-1,ncbi.public",missing,missing,missing,missing,DRX104260,Indonesia,Asia,Indonesia,NextSeq 500,missing,sample_141,1.66 S 104.87 E,GBS_1,PAIRED,Restriction Digest,GENOMIC,1,Lates calcarifer,ILLUMINA,diploid,Assessment of genetic diversity of Asianseabass,sexual,2017-11-21T00:00:00Z,SAMD00099319,sample_141,DRP003286,2017-12-07T21:16:00Z,1,12330275,4649567,0.664195,Indonesia-1.66 S 104.87 E,INA,bams/DRR111193.sort.flt.bam
DRR111195,RAD-Seq,280,1460957680,AVA,PRJDB3890,SAMD00099321,MIGS.eu,688388097,TEMASEK,2004,public,"sra,run.zq","s3,gs,ncbi","gs.US,ncbi.public,s3.us-east-1",missing,missing,missing,missing,DRX104262,Indonesia,Asia,Indonesia,NextSeq 500,missing,sample_143,1.66 S 104.87 E,GBS_1,PAIRED,Restriction Digest,GENOMIC,1,Lates calcarifer,ILLUMINA,diploid,Assessment of genetic diversity of Asianseabass,sexual,2017-11-21T00:00:00Z,SAMD00099321,sample_143,DRP003286,2017-12-07T21:15:00Z,1,11266652,4196552,0.603774,Indonesia-1.66 S 104.87 E,INA,bams/DRR111195.sort.flt.bam
DRR111198,RAD-Seq,280,1183588840,AVA,PRJDB3890,SAMD00099324,MIGS.eu,563183103,TEMASEK,2004,public,"sra,run.zq","s3,ncbi,gs","ncbi.public,gs.US,s3.us-east-1",missing,missing,missing,missing,DRX104265,Indonesia,Asia,Indonesia,NextSeq 500,missing,sample_146,1.66 S 104.87 E,GBS_1,PAIRED,Restriction Digest,GENOMIC,1,Lates calcarifer,ILLUMINA,diploid,Assessment of genetic diversity of Asianseabass,sexual,2017-11-21T00:00:00Z,SAMD00099324,sample_146,DRP003286,2017-12-07T21:12:00Z,1,9069081,3372698,0.506556,Indonesia-1.66 S 104.87 E,INA,bams/DRR111198.sort.flt.bam
DRR111199,RAD-Seq,280,1401289120,AVA,PRJDB3890,SAMD00099325,MIGS.eu,682676689,TEMASEK,2004,public,"sra,run.zq","gs,s3,ncbi","gs.US,ncbi.public,s3.us-east-1",missing,missing,missing,missing,DRX104266,Indonesia,Asia,Indonesia,NextSeq 500,missing,sample_147,1.66 S 104.87 E,GBS_1,PAIRED,Restriction Digest,GENOMIC,1,Lates calcarifer,ILLUMINA,diploid,Assessment of genetic diversity of Asianseabass,sexual,2017-11-21T00:00:00Z,SAMD00099325,sample_147,DRP003286,2017-12-07T21:23:00Z,1,10786411,4117575,0.595392,Indonesia-1.66 S 104.87 E,INA,bams/DRR111199.sort.flt.bam
DRR111202,RAD-Seq,280,1632305360,AVA,PRJDB3890,SAMD00099328,MIGS.eu,798726756,TEMASEK,2004,public,"sra,run.zq","s3,ncbi,gs","ncbi.public,gs.US,s3.us-east-1",missing,missing,missing,missing,DRX104269,Indonesia,Asia,Indonesia,NextSeq 500,missing,sample_150,1.66 S 104.87 E,GBS_1,PAIRED,Restriction Digest,GENOMIC,1,Lates calcarifer,ILLUMINA,diploid,Assessment of genetic diversity of Asianseabass,sexual,2017-11-21T00:00:00Z,SAMD00099328,sample_150,DRP003286,2017-12-11T14:28:00Z,1,12644014,4882858,0.709509,Indonesia-1.66 S 104.87 E,INA,bams/DRR111202.sort.flt.bam
DRR111205,RAD-Seq,280,1639868720,AVA,PRJDB3890,SAMD00099331,MIGS.eu,793273857,TEMASEK,2004,public,"sra,run.zq","ncbi,gs,s3","ncbi.public,s3.us-east-1,gs.US",missing,missing,missing,missing,DRX104272,Indonesia,Asia,Indonesia,NextSeq 500,missing,sample_154,1.66 S 104.87 E,GBS_1,PAIRED,Restriction Digest,GENOMIC,1,Lates calcarifer,ILLUMINA,diploid,Assessment of genetic diversity of Asianseabass,sexual,2017-11-21T00:00:00Z,SAMD00099331,sample_154,DRP003286,2017-12-07T21:23:00Z,1,12978179,5057930,0.737372,Indonesia-1.66 S 104.87 E,INA,bams/DRR111205.sort.flt.bam
DRR111206,RAD-Seq,280,1542825200,AVA,PRJDB3890,SAMD00099332,MIGS.eu,743816742,TEMASEK,2004,public,"sra,run.zq","ncbi,s3,gs","ncbi.public,s3.us-east-1,gs.US",missing,missing,missing,missing,DRX104273,Indonesia,Asia,Indonesia,NextSeq 500,missing,sample_155,1.66 S 104.87 E,GBS_1,PAIRED,Restriction Digest,GENOMIC,1,Lates calcarifer,ILLUMINA,diploid,Assessment of genetic diversity of Asianseabass,sexual,2017-11-21T00:00:00Z,SAMD00099332,sample_155,DRP003286,2017-12-07T21:16:00Z,1,11903074,4481484,0.643947,Indonesia-1.66 S 104.87 E,INA,bams/DRR111206.sort.flt.bam
DRR111207,RAD-Seq,280,1539833680,AVA,PRJDB3890,SAMD00099333,MIGS.eu,752760238,TEMASEK,2004,public,"run.zq,sra","ncbi,gs,s3","ncbi.public,s3.us-east-1,gs.US",missing,missing,missing,missing,DRX104274,Indonesia,Asia,Indonesia,NextSeq 500,missing,sample_156,1.66 S 104.87 E,GBS_1,PAIRED,Restriction Digest,GENOMIC,1,Lates calcarifer,ILLUMINA,diploid,Assessment of genetic diversity of Asianseabass,sexual,2017-11-21T00:00:00Z,SAMD00099333,sample_156,DRP003286,2017-12-07T21:17:00Z,1,11870549,4551761,0.655606,Indonesia-1.66 S 104.87 E,INA,bams/DRR111207.sort.flt.bam
DRR111208,RAD-Seq,280,1335398120,AVA,PRJDB3890,SAMD00099334,MIGS.eu,645247561,TEMASEK,2004,public,"run.zq,sra","s3,ncbi,gs","gs.US,ncbi.public,s3.us-east-1",missing,missing,missing,missing,DRX104275,Indonesia,Asia,Indonesia,NextSeq 500,missing,sample_157,1.66 S 104.87 E,GBS_1,PAIRED,Restriction Digest,GENOMIC,1,Lates calcarifer,ILLUMINA,diploid,Assessment of genetic diversity of Asianseabass,sexual,2017-11-21T00:00:00Z,SAMD00099334,sample_157,DRP003286,2017-12-07T21:32:00Z,1,10262735,3957555,0.578055,Indonesia-1.66 S 104.87 E,INA,bams/DRR111208.sort.flt.bam
DRR111209,RAD-Seq,280,1650943000,AVA,PRJDB3890,SAMD00099335,MIGS.eu,794159240,TEMASEK,2004,public,"sra,run.zq","gs,s3,ncbi","s3.us-east-1,ncbi.public,gs.US",missing,missing,missing,missing,DRX104276,Indonesia,Asia,Indonesia,NextSeq 500,missing,sample_158,1.66 S 104.87 E,GBS_1,PAIRED,Restriction Digest,GENOMIC,1,Lates calcarifer,ILLUMINA,diploid,Assessment of genetic diversity of Asianseabass,sexual,2017-11-21T00:00:00Z,SAMD00099335,sample_158,DRP003286,2017-12-07T21:25:00Z,1,12730767,4883728,0.696538,Indonesia-1.66 S 104.87 E,INA,bams/DRR111209.sort.flt.bam
DRR111210,RAD-Seq,280,1321453560,AVA,PRJDB3890,SAMD00099336,MIGS.eu,627229077,TEMASEK,2004,public,"run.zq,sra","gs,ncbi,s3","ncbi.public,gs.US,s3.us-east-1",missing,missing,missing,missing,DRX104277,Indonesia,Asia,Indonesia,NextSeq 500,missing,sample_159,1.66 S 104.87 E,GBS_1,PAIRED,Restriction Digest,GENOMIC,1,Lates calcarifer,ILLUMINA,diploid,Assessment of genetic diversity of Asianseabass,sexual,2017-11-21T00:00:00Z,SAMD00099336,sample_159,DRP003286,2017-12-07T21:12:00Z,1,10143534,3811757,0.556379,Indonesia-1.66 S 104.87 E,INA,bams/DRR111210.sort.flt.bam
DRR111212,RAD-Seq,280,1133557600,AVA,PRJDB3890,SAMD00099338,MIGS.eu,543057526,TEMASEK,2004,public,"sra,run.zq","ncbi,gs,s3","ncbi.public,s3.us-east-1,gs.US",missing,missing,missing,missing,DRX104279,Indonesia,Asia,Indonesia,NextSeq 500,missing,sample_161,1.66 S 104.87 E,GBS_1,PAIRED,Restriction Digest,GENOMIC,1,Lates calcarifer,ILLUMINA,diploid,Assessment of genetic diversity of Asianseabass,sexual,2017-11-21T00:00:00Z,SAMD00099338,sample_161,DRP003286,2017-12-07T21:12:00Z,1,8833954,3446882,0.494492,Indonesia-1.66 S 104.87 E,INA,bams/DRR111212.sort.flt.bam
DRR111214,RAD-Seq,280,1649377800,AVA,PRJDB3890,SAMD00099340,MIGS.eu,777893964,TEMASEK,2004,public,"sra,run.zq","s3,ncbi,gs","ncbi.public,gs.US,s3.us-east-1",missing,missing,missing,missing,DRX104281,Indonesia,Asia,Indonesia,NextSeq 500,missing,sample_163,1.66 S 104.87 E,GBS_1,PAIRED,Restriction Digest,GENOMIC,1,Lates calcarifer,ILLUMINA,diploid,Assessment of genetic diversity of Asianseabass,sexual,2017-11-21T00:00:00Z,SAMD00099340,sample_163,DRP003286,2017-12-07T21:30:00Z,1,12868188,4916003,0.707191,Indonesia-1.66 S 104.87 E,INA,bams/DRR111214.sort.flt.bam
DRR111224,RAD-Seq,280,1105179880,AVA,PRJDB3890,SAMD00099350,MIGS.eu,529809309,TEMASEK,2004,public,"sra,run.zq","ncbi,s3,gs","gs.US,s3.us-east-1,ncbi.public",missing,missing,missing,missing,DRX104291,Malaysia,Asia,Malaysia,NextSeq 500,missing,sample_117,3.35 N 103.64 E,GBS_1,PAIRED,Restriction Digest,GENOMIC,1,Lates calcarifer,ILLUMINA,diploid,Assessment of genetic diversity of Asianseabass,sexual,2017-11-21T00:00:00Z,SAMD00099350,sample_117,DRP003286,2017-12-07T21:11:00Z,1,8570010,3324887,0.476041,Malaysia-3.35 N 103.64 E,MAL,bams/DRR111224.sort.flt.bam
DRR111225,RAD-Seq,280,1182847120,AVA,PRJDB3890,SAMD00099351,MIGS.eu,570294977,TEMASEK,2004,public,"run.zq,sra","s3,gs,ncbi","ncbi.public,gs.US,s3.us-east-1",missing,missing,missing,missing,DRX104292,Malaysia,Asia,Malaysia,NextSeq 500,missing,sample_118,3.35 N 103.64 E,GBS_1,PAIRED,Restriction Digest,GENOMIC,1,Lates calcarifer,ILLUMINA,diploid,Assessment of genetic diversity of Asianseabass,sexual,2017-11-21T00:00:00Z,SAMD00099351,sample_118,DRP003286,2017-12-07T21:14:00Z,1,9167160,3433303,0.506365,Malaysia-3.35 N 103.64 E,MAL,bams/DRR111225.sort.flt.bam
DRR111226,RAD-Seq,280,1319142720,AVA,PRJDB3890,SAMD00099352,MIGS.eu,649976460,TEMASEK,2004,public,"run.zq,sra","s3,ncbi,gs","ncbi.public,gs.US,s3.us-east-1",missing,missing,missing,missing,DRX104293,Malaysia,Asia,Malaysia,NextSeq 500,missing,sample_119,3.35 N 103.64 E,GBS_1,PAIRED,Restriction Digest,GENOMIC,1,Lates calcarifer,ILLUMINA,diploid,Assessment of genetic diversity of Asianseabass,sexual,2017-11-21T00:00:00Z,SAMD00099352,sample_119,DRP003286,2017-12-07T21:11:00Z,1,10303078,4104226,0.584302,Malaysia-3.35 N 103.64 E,MAL,bams/DRR111226.sort.flt.bam
DRR111227,RAD-Seq,280,1200138520,AVA,PRJDB3890,SAMD00099353,MIGS.eu,587268791,TEMASEK,2004,public,"run.zq,sra","ncbi,gs,s3","ncbi.public,gs.US,s3.us-east-1",missing,missing,missing,missing,DRX104294,Malaysia,Asia,Malaysia,NextSeq 500,missing,sample_120,3.35 N 103.64 E,GBS_1,PAIRED,Restriction Digest,GENOMIC,1,Lates calcarifer,ILLUMINA,diploid,Assessment of genetic diversity of Asianseabass,sexual,2017-11-21T00:00:00Z,SAMD00099353,sample_120,DRP003286,2017-12-07T21:24:00Z,1,9147551,3357340,0.502101,Malaysia-3.35 N 103.64 E,MAL,bams/DRR111227.sort.flt.bam
DRR111228,RAD-Seq,280,1082814600,AVA,PRJDB3890,SAMD00099354,MIGS.eu,525925810,TEMASEK,2004,public,"run.zq,sra","gs,ncbi,s3","s3.us-east-1,ncbi.public,gs.US",missing,missing,missing,missing,DRX104295,Malaysia,Asia,Malaysia,NextSeq 500,missing,sample_121,3.35 N 103.64 E,GBS_1,PAIRED,Restriction Digest,GENOMIC,1,Lates calcarifer,ILLUMINA,diploid,Assessment of genetic diversity of Asianseabass,sexual,2017-11-21T00:00:00Z,SAMD00099354,sample_121,DRP003286,2017-12-07T21:23:00Z,1,8427367,3286444,0.478988,Malaysia-3.35 N 103.64 E,MAL,bams/DRR111228.sort.flt.bam
DRR111229,RAD-Seq,280,1019950120,AVA,PRJDB3890,SAMD00099355,MIGS.eu,488769405,TEMASEK,2004,public,"sra,run.zq","s3,ncbi,gs","ncbi.public,s3.us-east-1,gs.US",missing,missing,missing,missing,DRX104296,Malaysia,Asia,Malaysia,NextSeq 500,missing,sample_122,3.35 N 103.64 E,GBS_1,PAIRED,Restriction Digest,GENOMIC,1,Lates calcarifer,ILLUMINA,diploid,Assessment of genetic diversity of Asianseabass,sexual,2017-11-21T00:00:00Z,SAMD00099355,sample_122,DRP003286,2017-12-07T21:21:00Z,1,7878162,3103926,0.453718,Malaysia-3.35 N 103.64 E,MAL,bams/DRR111229.sort.flt.bam
DRR111230,RAD-Seq,280,907319000,AVA,PRJDB3890,SAMD00099356,MIGS.eu,440776841,TEMASEK,2004,public,"run.zq,sra","s3,ncbi,gs","ncbi.public,s3.us-east-1,gs.US",missing,missing,missing,missing,DRX104297,Malaysia,Asia,Malaysia,NextSeq 500,missing,sample_123,3.35 N 103.64 E,GBS_1,PAIRED,Restriction Digest,GENOMIC,1,Lates calcarifer,ILLUMINA,diploid,Assessment of genetic diversity of Asianseabass,sexual,2017-11-21T00:00:00Z,SAMD00099356,sample_123,DRP003286,2017-12-07T21:14:00Z,1,7267336,2891304,0.430331,Malaysia-3.35 N 103.64 E,MAL,bams/DRR111230.sort.flt.bam
DRR111231,RAD-Seq,280,1088063760,AVA,PRJDB3890,SAMD00099357,MIGS.eu,532298262,TEMASEK,2004,public,"sra,run.zq","ncbi,gs,s3","ncbi.public,s3.us-east-1,gs.US",missing,missing,missing,missing,DRX104298,Malaysia,Asia,Malaysia,NextSeq 500,missing,sample_124,3.35 N 103.64 E,GBS_1,PAIRED,Restriction Digest,GENOMIC,1,Lates calcarifer,ILLUMINA,diploid,Assessment of genetic diversity of Asianseabass,sexual,2017-11-21T00:00:00Z,SAMD00099357,sample_124,DRP003286,2017-12-07T21:21:00Z,1,8331395,3164660,0.475766,Malaysia-3.35 N 103.64 E,MAL,bams/DRR111231.sort.flt.bam
DRR111235,RAD-Seq,280,978055120,AVA,PRJDB3890,SAMD00099361,MIGS.eu,471523545,TEMASEK,2004,public,"run.zq,sra","gs,ncbi,s3","s3.us-east-1,gs.US,ncbi.public",missing,missing,missing,missing,DRX104302,Malaysia,Asia,Malaysia,NextSeq 500,missing,sample_129,3.35 N 103.64 E,GBS_1,PAIRED,Restriction Digest,GENOMIC,1,Lates calcarifer,ILLUMINA,diploid,Assessment of genetic diversity of Asianseabass,sexual,2017-11-21T00:00:00Z,SAMD00099361,sample_129,DRP003286,2017-11-28T14:28:00Z,1,7498176,2906957,0.423249,Malaysia-3.35 N 103.64 E,MAL,bams/DRR111235.sort.flt.bam
DRR111238,RAD-Seq,280,1143418640,AVA,PRJDB3890,SAMD00099364,MIGS.eu,555564994,TEMASEK,2004,public,"sra,run.zq","s3,ncbi,gs","ncbi.public,s3.us-east-1,gs.US",missing,missing,missing,missing,DRX104305,Malaysia,Asia,Malaysia,NextSeq 500,missing,sample_132,3.35 N 103.64 E,GBS_1,PAIRED,Restriction Digest,GENOMIC,1,Lates calcarifer,ILLUMINA,diploid,Assessment of genetic diversity of Asianseabass,sexual,2017-11-21T00:00:00Z,SAMD00099364,sample_132,DRP003286,2017-12-07T21:23:00Z,1,8782373,3339991,0.49088,Malaysia-3.35 N 103.64 E,MAL,bams/DRR111238.sort.flt.bam
DRR111239,RAD-Seq,280,1129716560,AVA,PRJDB3890,SAMD00099365,MIGS.eu,550292533,TEMASEK,2004,public,"sra,run.zq","gs,s3,ncbi","s3.us-east-1,ncbi.public,gs.US",missing,missing,missing,missing,DRX104306,Malaysia,Asia,Malaysia,NextSeq 500,missing,sample_133,3.35 N 103.64 E,GBS_1,PAIRED,Restriction Digest,GENOMIC,1,Lates calcarifer,ILLUMINA,diploid,Assessment of genetic diversity of Asianseabass,sexual,2017-11-21T00:00:00Z,SAMD00099365,sample_133,DRP003286,2017-12-07T21:14:00Z,1,8682672,3335077,0.490201,Malaysia-3.35 N 103.64 E,MAL,bams/DRR111239.sort.flt.bam
DRR111240,RAD-Seq,280,1176700560,AVA,PRJDB3890,SAMD00099366,MIGS.eu,567858199,TEMASEK,2004,public,"sra,run.zq","s3,gs,ncbi","s3.us-east-1,gs.US,ncbi.public",missing,missing,missing,missing,DRX104307,Malaysia,Asia,Malaysia,NextSeq 500,missing,sample_134,3.35 N 103.64 E,GBS_1,PAIRED,Restriction Digest,GENOMIC,1,Lates calcarifer,ILLUMINA,diploid,Assessment of genetic diversity of Asianseabass,sexual,2017-11-21T00:00:00Z,SAMD00099366,sample_134,DRP003286,2017-12-07T21:15:00Z,1,9008059,3384180,0.485508,Malaysia-3.35 N 103.64 E,MAL,bams/DRR111240.sort.flt.bam
DRR111241,RAD-Seq,280,1098140960,AVA,PRJDB3890,SAMD00099367,MIGS.eu,531442573,TEMASEK,2004,public,"sra,run.zq","ncbi,gs,s3","gs.US,s3.us-east-1,ncbi.public",missing,missing,missing,missing,DRX104308,Malaysia,Asia,Malaysia,NextSeq 500,missing,sample_135,3.35 N 103.64 E,GBS_1,PAIRED,Restriction Digest,GENOMIC,1,Lates calcarifer,ILLUMINA,diploid,Assessment of genetic diversity of Asianseabass,sexual,2017-11-21T00:00:00Z,SAMD00099367,sample_135,DRP003286,2017-12-07T21:10:00Z,1,8635276,3420164,0.500158,Malaysia-3.35 N 103.64 E,MAL,bams/DRR111241.sort.flt.bam
DRR111243,RAD-Seq,280,1070346480,AVA,PRJDB3890,SAMD00099369,MIGS.eu,522596503,TEMASEK,2004,public,"sra,run.zq","gs,s3,ncbi","ncbi.public,s3.us-east-1,gs.US",missing,missing,missing,missing,DRX104310,Malaysia,Asia,Malaysia,NextSeq 500,missing,sample_138,3.35 N 103.64 E,GBS_1,PAIRED,Restriction Digest,GENOMIC,1,Lates calcarifer,ILLUMINA,diploid,Assessment of genetic diversity of Asianseabass,sexual,2017-11-21T00:00:00Z,SAMD00099369,sample_138,DRP003286,2017-12-11T14:27:00Z,1,8134145,2998184,0.444554,Malaysia-3.35 N 103.64 E,MAL,bams/DRR111243.sort.flt.bam
DRR111244,RAD-Seq,280,854214480,AVA,PRJDB3890,SAMD00099370,MIGS.eu,413962347,TEMASEK,2004,public,"sra,run.zq","gs,ncbi,s3","s3.us-east-1,ncbi.public,gs.US",missing,missing,missing,missing,DRX104311,Malaysia,Asia,Malaysia,NextSeq 500,missing,sample_139,3.35 N 103.64 E,GBS_1,PAIRED,Restriction Digest,GENOMIC,1,Lates calcarifer,ILLUMINA,diploid,Assessment of genetic diversity of Asianseabass,sexual,2017-11-21T00:00:00Z,SAMD00099370,sample_139,DRP003286,2017-12-07T21:17:00Z,1,6561885,2467665,0.364504,Malaysia-3.35 N 103.64 E,MAL,bams/DRR111244.sort.flt.bam
DRR111245,RAD-Seq,280,1523254600,AVA,PRJDB3890,SAMD00099371,MIGS.eu,726882325,TEMASEK,2004,public,"run.zq,sra","ncbi,gs,s3","s3.us-east-1,gs.US,ncbi.public",missing,missing,missing,missing,DRX104312,Thailand,Asia,Thailand,NextSeq 500,missing,sample_61,12.62 N 101.15 E,GBS_1,PAIRED,Restriction Digest,GENOMIC,1,Lates calcarifer,ILLUMINA,diploid,Assessment of genetic diversity of Asianseabass,sexual,2017-11-21T00:00:00Z,SAMD00099371,sample_61,DRP003286,2017-12-07T21:12:00Z,1,11623290,4013689,0.581429,Thailand-12.62 N 101.15 E,THA,bams/DRR111245.sort.flt.bam
DRR111246,RAD-Seq,280,1712358480,AVA,PRJDB3890,SAMD00099372,MIGS.eu,826375284,TEMASEK,2004,public,"sra,run.zq","ncbi,gs,s3","ncbi.public,s3.us-east-1,gs.US",missing,missing,missing,missing,DRX104313,Thailand,Asia,Thailand,NextSeq 500,missing,sample_63,12.62 N 101.15 E,GBS_1,PAIRED,Restriction Digest,GENOMIC,1,Lates calcarifer,ILLUMINA,diploid,Assessment of genetic diversity of Asianseabass,sexual,2017-11-21T00:00:00Z,SAMD00099372,sample_63,DRP003286,2017-12-07T21:15:00Z,1,12998626,4526958,0.662678,Thailand-12.62 N 101.15 E,THA,bams/DRR111246.sort.flt.bam
DRR111249,RAD-Seq,280,1738321480,AVA,PRJDB3890,SAMD00099375,MIGS.eu,837158372,TEMASEK,2004,public,"run.zq,sra","gs,ncbi,s3","s3.us-east-1,ncbi.public,gs.US",missing,missing,missing,missing,DRX104316,Thailand,Asia,Thailand,NextSeq 500,missing,sample_66,12.62 N 101.15 E,GBS_1,PAIRED,Restriction Digest,GENOMIC,1,Lates calcarifer,ILLUMINA,diploid,Assessment of genetic diversity of Asianseabass,sexual,2017-11-21T00:00:00Z,SAMD00099375,sample_66,DRP003286,2017-12-07T21:20:00Z,1,13157227,4456136,0.661972,Thailand-12.62 N 101.15 E,THA,bams/DRR111249.sort.flt.bam
DRR111250,RAD-Seq,280,1947199800,AVA,PRJDB3890,SAMD00099376,MIGS.eu,934133289,TEMASEK,2004,public,"sra,run.zq","s3,ncbi,gs","s3.us-east-1,ncbi.public,gs.US",missing,missing,missing,missing,DRX104317,Thailand,Asia,Thailand,NextSeq 500,missing,sample_67,12.62 N 101.15 E,GBS_1,PAIRED,Restriction Digest,GENOMIC,1,Lates calcarifer,ILLUMINA,diploid,Assessment of genetic diversity of Asianseabass,sexual,2017-11-21T00:00:00Z,SAMD00099376,sample_67,DRP003286,2017-12-07T21:22:00Z,1,14795305,5061053,0.73493,Thailand-12.62 N 101.15 E,THA,bams/DRR111250.sort.flt.bam
DRR111251,RAD-Seq,280,1456738640,AVA,PRJDB3890,SAMD00099377,MIGS.eu,694449006,TEMASEK,2004,public,"sra,run.zq","ncbi,gs,s3","ncbi.public,gs.US,s3.us-east-1",missing,missing,missing,missing,DRX104318,Thailand,Asia,Thailand,NextSeq 500,missing,sample_68,12.62 N 101.15 E,GBS_1,PAIRED,Restriction Digest,GENOMIC,1,Lates calcarifer,ILLUMINA,diploid,Assessment of genetic diversity of Asianseabass,sexual,2017-11-21T00:00:00Z,SAMD00099377,sample_68,DRP003286,2017-12-07T21:23:00Z,1,11079343,3720350,0.548953,Thailand-12.62 N 101.15 E,THA,bams/DRR111251.sort.flt.bam
DRR111252,RAD-Seq,280,1598665040,AVA,PRJDB3890,SAMD00099378,MIGS.eu,771209815,TEMASEK,2004,public,"run.zq,sra","ncbi,gs,s3","ncbi.public,gs.US,s3.us-east-1",missing,missing,missing,missing,DRX104319,Thailand,Asia,Thailand,NextSeq 500,missing,sample_92,12.62 N 101.15 E,GBS_1,PAIRED,Restriction Digest,GENOMIC,1,Lates calcarifer,ILLUMINA,diploid,Assessment of genetic diversity of Asianseabass,sexual,2017-11-21T00:00:00Z,SAMD00099378,sample_92,DRP003286,2017-12-07T21:13:00Z,1,12319161,4587297,0.657999,Thailand-12.62 N 101.15 E,THA,bams/DRR111252.sort.flt.bam
DRR111254,RAD-Seq,280,1236831400,AVA,PRJDB3890,SAMD00099380,MIGS.eu,599121005,TEMASEK,2004,public,"run.zq,sra","s3,ncbi,gs","gs.US,s3.us-east-1,ncbi.public",missing,missing,missing,missing,DRX104321,Thailand,Asia,Thailand,NextSeq 500,missing,sample_94,12.62 N 101.15 E,GBS_1,PAIRED,Restriction Digest,GENOMIC,1,Lates calcarifer,ILLUMINA,diploid,Assessment of genetic diversity of Asianseabass,sexual,2017-11-21T00:00:00Z,SAMD00099380,sample_94,DRP003286,2017-12-07T21:15:00Z,1,9584790,3724923,0.535156,Thailand-12.62 N 101.15 E,THA,bams/DRR111254.sort.flt.bam
DRR111258,RAD-Seq,280,1626918440,AVA,PRJDB3890,SAMD00099384,MIGS.eu,805733919,TEMASEK,2004,public,"run.zq,sra","s3,gs,ncbi","ncbi.public,s3.us-east-1,gs.US",missing,missing,missing,missing,DRX104325,Thailand,Asia,Thailand,NextSeq 500,missing,sample_99,12.62 N 101.15 E,GBS_1,PAIRED,Restriction Digest,GENOMIC,1,Lates calcarifer,ILLUMINA,diploid,Assessment of genetic diversity of Asianseabass,sexual,2017-11-21T00:00:00Z,SAMD00099384,sample_99,DRP003286,2017-12-07T21:25:00Z,1,12448733,4611675,0.660542,Thailand-12.62 N 101.15 E,THA,bams/DRR111258.sort.flt.bam
DRR111261,RAD-Seq,280,1326843280,AVA,PRJDB3890,SAMD00099387,MIGS.eu,659394949,TEMASEK,2004,public,"sra,run.zq","gs,s3,ncbi","s3.us-east-1,ncbi.public,gs.US",missing,missing,missing,missing,DRX104328,Thailand,Asia,Thailand,NextSeq 500,missing,sample_102,12.62 N 101.15 E,GBS_1,PAIRED,Restriction Digest,GENOMIC,1,Lates calcarifer,ILLUMINA,diploid,Assessment of genetic diversity of Asianseabass,sexual,2017-11-21T00:00:00Z,SAMD00099387,sample_102,DRP003286,2017-12-07T21:14:00Z,1,10102560,3882693,0.564477,Thailand-12.62 N 101.15 E,THA,bams/DRR111261.sort.flt.bam
DRR111263,RAD-Seq,280,1292215680,AVA,PRJDB3890,SAMD00099389,MIGS.eu,630240854,TEMASEK,2004,public,"run.zq,sra","ncbi,gs,s3","s3.us-east-1,ncbi.public,gs.US",missing,missing,missing,missing,DRX104330,Thailand,Asia,Thailand,NextSeq 500,missing,sample_104,12.62 N 101.15 E,GBS_1,PAIRED,Restriction Digest,GENOMIC,1,Lates calcarifer,ILLUMINA,diploid,Assessment of genetic diversity of Asianseabass,sexual,2017-11-21T00:00:00Z,SAMD00099389,sample_104,DRP003286,2017-12-07T21:18:00Z,1,9842385,3491946,0.512954,Thailand-12.62 N 101.15 E,THA,bams/DRR111263.sort.flt.bam
DRR111264,RAD-Seq,280,964645080,AVA,PRJDB3890,SAMD00099390,MIGS.eu,468441950,TEMASEK,2004,public,"run.zq,sra","s3,ncbi,gs","gs.US,ncbi.public,s3.us-east-1",missing,missing,missing,missing,DRX104331,Thailand,Asia,Thailand,NextSeq 500,missing,sample_105,12.62 N 101.15 E,GBS_1,PAIRED,Restriction Digest,GENOMIC,1,Lates calcarifer,ILLUMINA,diploid,Assessment of genetic diversity of Asianseabass,sexual,2017-11-21T00:00:00Z,SAMD00099390,sample_105,DRP003286,2017-12-07T21:15:00Z,1,7360235,2720118,0.408061,Thailand-12.62 N 101.15 E,THA,bams/DRR111264.sort.flt.bam
DRR111265,RAD-Seq,280,1095939600,AVA,PRJDB3890,SAMD00099391,MIGS.eu,542262978,TEMASEK,2004,public,"run.zq,sra","s3,ncbi,gs","s3.us-east-1,ncbi.public,gs.US",missing,missing,missing,missing,DRX104332,Thailand,Asia,Thailand,NextSeq 500,missing,sample_106,12.62 N 101.15 E,GBS_1,PAIRED,Restriction Digest,GENOMIC,1,Lates calcarifer,ILLUMINA,diploid,Assessment of genetic diversity of Asianseabass,sexual,2017-11-21T00:00:00Z,SAMD00099391,sample_106,DRP003286,2017-12-07T21:12:00Z,1,8365597,3181166,0.4648,Thailand-12.62 N 101.15 E,THA,bams/DRR111265.sort.flt.bam
DRR111267,RAD-Seq,280,1014432720,AVA,PRJDB3890,SAMD00099393,MIGS.eu,505873018,TEMASEK,2004,public,"run.zq,sra","gs,s3,ncbi","s3.us-east-1,ncbi.public,gs.US",missing,missing,missing,missing,DRX104334,Thailand,Asia,Thailand,NextSeq 500,missing,sample_108,12.62 N 101.15 E,GBS_1,PAIRED,Restriction Digest,GENOMIC,1,Lates calcarifer,ILLUMINA,diploid,Assessment of genetic diversity of Asianseabass,sexual,2017-11-21T00:00:00Z,SAMD00099393,sample_108,DRP003286,2017-12-07T21:11:00Z,1,7745749,2941318,0.437223,Thailand-12.62 N 101.15 E,THA,bams/DRR111267.sort.flt.bam
DRR111268,RAD-Seq,280,1050131880,AVA,PRJDB3890,SAMD00099394,MIGS.eu,514521893,TEMASEK,2004,public,"sra,run.zq","ncbi,gs,s3","ncbi.public,s3.us-east-1,gs.US",missing,missing,missing,missing,DRX104335,Thailand,Asia,Thailand,NextSeq 500,missing,sample_109,12.62 N 101.15 E,GBS_1,PAIRED,Restriction Digest,GENOMIC,1,Lates calcarifer,ILLUMINA,diploid,Assessment of genetic diversity of Asianseabass,sexual,2017-11-21T00:00:00Z,SAMD00099394,sample_109,DRP003286,2017-11-28T14:27:00Z,1,7971638,3070447,0.460023,Thailand-12.62 N 101.15 E,THA,bams/DRR111268.sort.flt.bam
DRR111269,RAD-Seq,280,1086470280,AVA,PRJDB3890,SAMD00099395,MIGS.eu,535612560,TEMASEK,2004,public,"sra,run.zq","gs,s3,ncbi","s3.us-east-1,gs.US,ncbi.public",missing,missing,missing,missing,DRX104336,Thailand,Asia,Thailand,NextSeq 500,missing,sample_110,12.62 N 101.15 E,GBS_1,PAIRED,Restriction Digest,GENOMIC,1,Lates calcarifer,ILLUMINA,diploid,Assessment of genetic diversity of Asianseabass,sexual,2017-11-21T00:00:00Z,SAMD00099395,sample_110,DRP003286,2017-12-07T21:14:00Z,1,8218736,3040179,0.461491,Thailand-12.62 N 101.15 E,THA,bams/DRR111269.sort.flt.bam
DRR111272,RAD-Seq,280,941206280,AVA,PRJDB3890,SAMD00099398,MIGS.eu,452202476,TEMASEK,2004,public,"run.zq,sra","gs,s3,ncbi","gs.US,ncbi.public,s3.us-east-1",missing,missing,missing,missing,DRX104339,Thailand,Asia,Thailand,NextSeq 500,missing,sample_114,12.62 N 101.15 E,GBS_1,PAIRED,Restriction Digest,GENOMIC,1,Lates calcarifer,ILLUMINA,diploid,Assessment of genetic diversity of Asianseabass,sexual,2017-11-21T00:00:00Z,SAMD00099398,sample_114,DRP003286,2017-12-07T21:19:00Z,1,7229857,2748173,0.398037,Thailand-12.62 N 101.15 E,THA,bams/DRR111272.sort.flt.bam
DRR111273,RAD-Seq,280,1284830120,AVA,PRJDB3890,SAMD00099399,MIGS.eu,616910005,TEMASEK,2004,public,run.zq,"gs,s3,ncbi","ncbi.public,s3.us-east-1,gs.US",missing,missing,missing,missing,DRX104340,Thailand,Asia,Thailand,NextSeq 500,missing,sample_115,12.62 N 101.15 E,GBS_1,PAIRED,Restriction Digest,GENOMIC,1,Lates calcarifer,ILLUMINA,diploid,Assessment of genetic diversity of Asianseabass,sexual,2017-11-21T00:00:00Z,SAMD00099399,sample_115,DRP003286,NA,NA,9856100,3761011,0.536494,Thailand-12.62 N 101.15 E,THA,bams/DRR111273.sort.flt.bam
DRR111125,RAD-Seq,280,3254140120,AVA,PRJDB3890,SAMD00099251,MIGS.eu,1555509383,TEMASEK,2007,public,"sra,run.zq","ncbi,s3,gs","gs.US,ncbi.public,s3.us-east-1",missing,missing,missing,missing,DRX104192,Australia,Oceania,Australia,NextSeq 500,missing,sample_01,18.41 S 146.64 E,GBS_1,PAIRED,Restriction Digest,GENOMIC,1,Lates calcarifer,ILLUMINA,diploid,Assessment of genetic diversity of Asianseabass,sexual,2017-11-21T00:00:00Z,SAMD00099251,sample_01,DRP003286,2017-12-07T21:34:00Z,1,24365952,7127428,1.09766,Australia-18.41 S 146.64 E,AUE,bams/DRR111125.sort.flt.bam
DRR111131,RAD-Seq,280,906218320,AVA,PRJDB3890,SAMD00099257,MIGS.eu,443999677,TEMASEK,2007,public,"run.zq,sra","gs,s3,ncbi","gs.US,ncbi.public,s3.us-east-1",missing,missing,missing,missing,DRX104198,Australia,Oceania,Australia,NextSeq 500,missing,sample_16,18.41 S 146.64 E,GBS_1,PAIRED,Restriction Digest,GENOMIC,1,Lates calcarifer,ILLUMINA,diploid,Assessment of genetic diversity of Asianseabass,sexual,2017-11-21T00:00:00Z,SAMD00099257,sample_16,DRP003286,2017-12-11T14:29:00Z,1,6624939,2312182,0.405631,Australia-18.41 S 146.64 E,AUE,bams/DRR111131.sort.flt.bam
DRR111134,RAD-Seq,280,681134720,AVA,PRJDB3890,SAMD00099260,MIGS.eu,328202277,TEMASEK,2007,public,"run.zq,sra","s3,gs,ncbi","ncbi.public,gs.US,s3.us-east-1",missing,missing,missing,missing,DRX104201,Australia,Oceania,Australia,NextSeq 500,missing,sample_25,18.41 S 146.64 E,GBS_1,PAIRED,Restriction Digest,GENOMIC,1,Lates calcarifer,ILLUMINA,diploid,Assessment of genetic diversity of Asianseabass,sexual,2017-11-21T00:00:00Z,SAMD00099260,sample_25,DRP003286,2017-12-07T21:33:00Z,1,4945517,1743923,0.321895,Australia-18.41 S 146.64 E,AUE,bams/DRR111134.sort.flt.bam
DRR111135,RAD-Seq,280,664328560,AVA,PRJDB3890,SAMD00099261,MIGS.eu,319369295,TEMASEK,2007,public,"run.zq,sra","ncbi,s3,gs","s3.us-east-1,ncbi.public,gs.US",missing,missing,missing,missing,DRX104202,Australia,Oceania,Australia,NextSeq 500,missing,sample_26,18.41 S 146.64 E,GBS_1,PAIRED,Restriction Digest,GENOMIC,1,Lates calcarifer,ILLUMINA,diploid,Assessment of genetic diversity of Asianseabass,sexual,2017-11-21T00:00:00Z,SAMD00099261,sample_26,DRP003286,2017-12-07T21:23:00Z,1,4838806,1749848,0.316354,Australia-18.41 S 146.64 E,AUE,bams/DRR111135.sort.flt.bam
DRR111136,RAD-Seq,280,887573960,AVA,PRJDB3890,SAMD00099262,MIGS.eu,426198179,TEMASEK,2007,public,"run.zq,sra","s3,gs,ncbi","ncbi.public,s3.us-east-1,gs.US",missing,missing,missing,missing,DRX104203,Australia,Oceania,Australia,NextSeq 500,missing,sample_27,18.41 S 146.64 E,GBS_1,PAIRED,Restriction Digest,GENOMIC,1,Lates calcarifer,ILLUMINA,diploid,Assessment of genetic diversity of Asianseabass,sexual,2017-11-21T00:00:00Z,SAMD00099262,sample_27,DRP003286,2017-12-07T21:32:00Z,1,6544921,2322947,0.392265,Australia-18.41 S 146.64 E,AUE,bams/DRR111136.sort.flt.bam
DRR111138,RAD-Seq,280,815946880,AVA,PRJDB3890,SAMD00099264,MIGS.eu,397120006,TEMASEK,2007,public,"sra,run.zq","s3,ncbi,gs","s3.us-east-1,ncbi.public,gs.US",missing,missing,missing,missing,DRX104205,Australia,Oceania,Australia,NextSeq 500,missing,sample_30,18.41 S 146.64 E,GBS_1,PAIRED,Restriction Digest,GENOMIC,1,Lates calcarifer,ILLUMINA,diploid,Assessment of genetic diversity of Asianseabass,sexual,2017-11-21T00:00:00Z,SAMD00099264,sample_30,DRP003286,2017-12-11T14:29:00Z,1,5906273,1895522,0.351367,Australia-18.41 S 146.64 E,AUE,bams/DRR111138.sort.flt.bam
DRR111140,RAD-Seq,280,2096078040,AVA,PRJDB3890,SAMD00099266,MIGS.eu,999488434,TEMASEK,2007,public,"run.zq,sra","s3,gs,ncbi","s3.us-east-1,ncbi.public,gs.US",missing,missing,missing,missing,DRX104207,Papua New Guinea,Oceania,Papua New Guinea,NextSeq 500,missing,sample_38,9.42 S 140.93 E,GBS_1,PAIRED,Restriction Digest,GENOMIC,1,Lates calcarifer,ILLUMINA,diploid,Assessment of genetic diversity of Asianseabass,sexual,2017-11-21T00:00:00Z,SAMD00099266,sample_38,DRP003286,2017-12-07T21:26:00Z,1,15663485,4826240,0.747958,Papua New Guinea-9.42 S 140.93 E,PNG,bams/DRR111140.sort.flt.bam
DRR111145,RAD-Seq,280,2175735800,AVA,PRJDB3890,SAMD00099271,MIGS.eu,1038578596,TEMASEK,2007,public,"run.zq,sra","ncbi,s3,gs","ncbi.public,gs.US,s3.us-east-1",missing,missing,missing,missing,DRX104212,Papua New Guinea,Oceania,Papua New Guinea,NextSeq 500,missing,sample_43,9.42 S 140.93 E,GBS_1,PAIRED,Restriction Digest,GENOMIC,1,Lates calcarifer,ILLUMINA,diploid,Assessment of genetic diversity of Asianseabass,sexual,2017-11-21T00:00:00Z,SAMD00099271,sample_43,DRP003286,2017-12-07T21:28:00Z,1,16494579,5504204,0.827544,Papua New Guinea-9.42 S 140.93 E,PNG,bams/DRR111145.sort.flt.bam
DRR111147,RAD-Seq,280,919576560,AVA,PRJDB3890,SAMD00099273,MIGS.eu,439486297,TEMASEK,2007,public,"sra,run.zq","gs,ncbi,s3","ncbi.public,gs.US,s3.us-east-1",missing,missing,missing,missing,DRX104214,Papua New Guinea,Oceania,Papua New Guinea,NextSeq 500,missing,sample_45,9.42 S 140.93 E,GBS_1,PAIRED,Restriction Digest,GENOMIC,1,Lates calcarifer,ILLUMINA,diploid,Assessment of genetic diversity of Asianseabass,sexual,2017-11-21T00:00:00Z,SAMD00099273,sample_45,DRP003286,2017-12-07T21:32:00Z,1,6844043,2241986,0.374621,Papua New Guinea-9.42 S 140.93 E,PNG,bams/DRR111147.sort.flt.bam
DRR111149,RAD-Seq,280,2329902400,AVA,PRJDB3890,SAMD00099275,MIGS.eu,1119146175,TEMASEK,2007,public,"sra,run.zq","gs,s3,ncbi","s3.us-east-1,ncbi.public,gs.US",missing,missing,missing,missing,DRX104216,Papua New Guinea,Oceania,Papua New Guinea,NextSeq 500,missing,sample_47,9.42 S 140.93 E,GBS_1,PAIRED,Restriction Digest,GENOMIC,1,Lates calcarifer,ILLUMINA,diploid,Assessment of genetic diversity of Asianseabass,sexual,2017-11-21T00:00:00Z,SAMD00099275,sample_47,DRP003286,2017-12-07T21:34:00Z,1,17455559,5443588,0.824561,Papua New Guinea-9.42 S 140.93 E,PNG,bams/DRR111149.sort.flt.bam
DRR111150,RAD-Seq,280,2185409240,AVA,PRJDB3890,SAMD00099276,MIGS.eu,1044556410,TEMASEK,2007,public,"sra,run.zq","gs,ncbi,s3","s3.us-east-1,gs.US,ncbi.public",missing,missing,missing,missing,DRX104217,Papua New Guinea,Oceania,Papua New Guinea,NextSeq 500,missing,sample_48,9.42 S 140.93 E,GBS_1,PAIRED,Restriction Digest,GENOMIC,1,Lates calcarifer,ILLUMINA,diploid,Assessment of genetic diversity of Asianseabass,sexual,2017-11-21T00:00:00Z,SAMD00099276,sample_48,DRP003286,2017-12-07T21:35:00Z,1,16493287,5372893,0.814578,Papua New Guinea-9.42 S 140.93 E,PNG,bams/DRR111150.sort.flt.bam
DRR111151,RAD-Seq,280,1471820280,AVA,PRJDB3890,SAMD00099277,MIGS.eu,700414526,TEMASEK,2007,public,"sra,run.zq","s3,ncbi,gs","gs.US,ncbi.public,s3.us-east-1",missing,missing,missing,missing,DRX104218,Papua New Guinea,Oceania,Papua New Guinea,NextSeq 500,missing,sample_55,9.42 S 140.93 E,GBS_1,PAIRED,Restriction Digest,GENOMIC,1,Lates calcarifer,ILLUMINA,diploid,Assessment of genetic diversity of Asianseabass,sexual,2017-11-21T00:00:00Z,SAMD00099277,sample_55,DRP003286,2017-12-07T21:31:00Z,1,11230939,3818433,0.575517,Papua New Guinea-9.42 S 140.93 E,PNG,bams/DRR111151.sort.flt.bam
DRR111152,RAD-Seq,280,1970511480,AVA,PRJDB3890,SAMD00099278,MIGS.eu,958553281,TEMASEK,2007,public,"run.zq,sra","ncbi,gs,s3","s3.us-east-1,ncbi.public,gs.US",missing,missing,missing,missing,DRX104219,Papua New Guinea,Oceania,Papua New Guinea,NextSeq 500,missing,sample_56,9.42 S 140.93 E,GBS_1,PAIRED,Restriction Digest,GENOMIC,1,Lates calcarifer,ILLUMINA,diploid,Assessment of genetic diversity of Asianseabass,sexual,2017-11-21T00:00:00Z,SAMD00099278,sample_56,DRP003286,2017-12-07T21:35:00Z,1,14892108,5071077,0.767602,Papua New Guinea-9.42 S 140.93 E,PNG,bams/DRR111152.sort.flt.bam
DRR111153,RAD-Seq,280,1800976240,AVA,PRJDB3890,SAMD00099279,MIGS.eu,860886085,TEMASEK,2007,public,"sra,run.zq","s3,ncbi,gs","s3.us-east-1,ncbi.public,gs.US",missing,missing,missing,missing,DRX104220,Papua New Guinea,Oceania,Papua New Guinea,NextSeq 500,missing,sample_57,9.42 S 140.93 E,GBS_1,PAIRED,Restriction Digest,GENOMIC,1,Lates calcarifer,ILLUMINA,diploid,Assessment of genetic diversity of Asianseabass,sexual,2017-11-21T00:00:00Z,SAMD00099279,sample_57,DRP003286,2017-12-07T21:31:00Z,1,13568526,4466879,0.673155,Papua New Guinea-9.42 S 140.93 E,PNG,bams/DRR111153.sort.flt.bam
DRR111156,RAD-Seq,280,1685583200,AVA,PRJDB3890,SAMD00099282,MIGS.eu,802411378,TEMASEK,2007,public,"run.zq,sra","ncbi,gs,s3","ncbi.public,gs.US,s3.us-east-1",missing,missing,missing,missing,DRX104223,Papua New Guinea,Oceania,Papua New Guinea,NextSeq 500,missing,sample_60,9.42 S 140.93 E,GBS_1,PAIRED,Restriction Digest,GENOMIC,1,Lates calcarifer,ILLUMINA,diploid,Assessment of genetic diversity of Asianseabass,sexual,2017-11-21T00:00:00Z,SAMD00099282,sample_60,DRP003286,2017-12-07T21:29:00Z,1,12776309,4289627,0.644531,Papua New Guinea-9.42 S 140.93 E,PNG,bams/DRR111156.sort.flt.bam
DRR111157,RAD-Seq,280,3538805760,AVA,PRJDB3890,SAMD00099283,MIGS.eu,1681401183,TEMASEK,2006,public,"sra,run.zq","ncbi,s3,gs","ncbi.public,s3.us-east-1,gs.US",missing,missing,missing,missing,DRX104224,Australia,Oceania,Australia,NextSeq 500,missing,sample_84,13.38 S 127.04 E,GBS_1,PAIRED,Restriction Digest,GENOMIC,1,Lates calcarifer,ILLUMINA,diploid,Assessment of genetic diversity of Asianseabass,sexual,2017-11-21T00:00:00Z,SAMD00099283,sample_84,DRP003286,2017-12-07T21:33:00Z,1,27004515,8224164,1.17931,Australia-13.38 S 127.04 E,AUW,bams/DRR111157.sort.flt.bam
DRR111165,RAD-Seq,280,1828186640,AVA,PRJDB3890,SAMD00099291,MIGS.eu,859494160,TEMASEK,2006,public,"sra,run.zq","gs,ncbi,s3","s3.us-east-1,gs.US,ncbi.public",missing,missing,missing,missing,DRX104232,Australia,Oceania,Australia,NextSeq 500,missing,sample_164,13.38 S 127.04 E,GBS_1,PAIRED,Restriction Digest,GENOMIC,1,Lates calcarifer,ILLUMINA,diploid,Assessment of genetic diversity of Asianseabass,sexual,2017-11-21T00:00:00Z,SAMD00099291,sample_164,DRP003286,2017-12-07T21:33:00Z,1,14154691,5050774,0.743581,Australia-13.38 S 127.04 E,AUW,bams/DRR111165.sort.flt.bam
DRR111168,RAD-Seq,280,1659206360,AVA,PRJDB3890,SAMD00099294,MIGS.eu,804066776,TEMASEK,2006,public,"sra,run.zq","ncbi,gs,s3","ncbi.public,s3.us-east-1,gs.US",missing,missing,missing,missing,DRX104235,Australia,Oceania,Australia,NextSeq 500,missing,sample_167,13.38 S 127.04 E,GBS_1,PAIRED,Restriction Digest,GENOMIC,1,Lates calcarifer,ILLUMINA,diploid,Assessment of genetic diversity of Asianseabass,sexual,2017-11-21T00:00:00Z,SAMD00099294,sample_167,DRP003286,2017-12-07T21:31:00Z,1,12690410,4595431,0.682336,Australia-13.38 S 127.04 E,AUW,bams/DRR111168.sort.flt.bam
DRR111169,RAD-Seq,280,1708651280,AVA,PRJDB3890,SAMD00099295,MIGS.eu,817049459,TEMASEK,2006,public,"run.zq,sra","s3,gs,ncbi","s3.us-east-1,gs.US,ncbi.public",missing,missing,missing,missing,DRX104236,Australia,Oceania,Australia,NextSeq 500,missing,sample_168,13.38 S 127.04 E,GBS_1,PAIRED,Restriction Digest,GENOMIC,1,Lates calcarifer,ILLUMINA,diploid,Assessment of genetic diversity of Asianseabass,sexual,2017-11-21T00:00:00Z,SAMD00099295,sample_168,DRP003286,2017-12-07T21:30:00Z,1,13060622,4750635,0.724747,Australia-13.38 S 127.04 E,AUW,bams/DRR111169.sort.flt.bam
DRR111170,RAD-Seq,280,1394196440,AVA,PRJDB3890,SAMD00099296,MIGS.eu,665304685,TEMASEK,2006,public,"sra,run.zq","ncbi,gs,s3","gs.US,ncbi.public,s3.us-east-1",missing,missing,missing,missing,DRX104237,Australia,Oceania,Australia,NextSeq 500,missing,sample_169,13.38 S 127.04 E,GBS_1,PAIRED,Restriction Digest,GENOMIC,1,Lates calcarifer,ILLUMINA,diploid,Assessment of genetic diversity of Asianseabass,sexual,2017-11-21T00:00:00Z,SAMD00099296,sample_169,DRP003286,2017-12-07T21:28:00Z,1,10910066,3832034,0.584838,Australia-13.38 S 127.04 E,AUW,bams/DRR111170.sort.flt.bam
DRR111172,RAD-Seq,280,1570819320,AVA,PRJDB3890,SAMD00099298,MIGS.eu,743766655,TEMASEK,2006,public,"run.zq,sra","s3,ncbi,gs","s3.us-east-1,gs.US,ncbi.public",missing,missing,missing,missing,DRX104239,Australia,Oceania,Australia,NextSeq 500,missing,sample_171,13.38 S 127.04 E,GBS_1,PAIRED,Restriction Digest,GENOMIC,1,Lates calcarifer,ILLUMINA,diploid,Assessment of genetic diversity of Asianseabass,sexual,2017-11-21T00:00:00Z,SAMD00099298,sample_171,DRP003286,2017-12-07T21:32:00Z,1,12224341,4511757,0.66646,Australia-13.38 S 127.04 E,AUW,bams/DRR111172.sort.flt.bam
DRR111173,RAD-Seq,280,1636461960,AVA,PRJDB3890,SAMD00099299,MIGS.eu,782686585,TEMASEK,2006,public,"sra,run.zq","s3,ncbi,gs","gs.US,ncbi.public,s3.us-east-1",missing,missing,missing,missing,DRX104240,Australia,Oceania,Australia,NextSeq 500,missing,sample_172,13.38 S 127.04 E,GBS_1,PAIRED,Restriction Digest,GENOMIC,1,Lates calcarifer,ILLUMINA,diploid,Assessment of genetic diversity of Asianseabass,sexual,2017-11-21T00:00:00Z,SAMD00099299,sample_172,DRP003286,2017-11-22T04:24:00Z,1,12631566,4536627,0.690234,Australia-13.38 S 127.04 E,AUW,bams/DRR111173.sort.flt.bam
DRR111174,RAD-Seq,280,1276748760,AVA,PRJDB3890,SAMD00099300,MIGS.eu,607428854,TEMASEK,2006,public,"sra,run.zq","ncbi,gs,s3","gs.US,ncbi.public,s3.us-east-1",missing,missing,missing,missing,DRX104241,Australia,Oceania,Australia,NextSeq 500,missing,sample_173,13.38 S 127.04 E,GBS_1,PAIRED,Restriction Digest,GENOMIC,1,Lates calcarifer,ILLUMINA,diploid,Assessment of genetic diversity of Asianseabass,sexual,2017-11-21T00:00:00Z,SAMD00099300,sample_173,DRP003286,2017-12-07T21:26:00Z,1,10036976,3729993,0.571195,Australia-13.38 S 127.04 E,AUW,bams/DRR111174.sort.flt.bam
DRR111175,RAD-Seq,280,1474736200,AVA,PRJDB3890,SAMD00099301,MIGS.eu,692221430,TEMASEK,2006,public,"run.zq,sra","s3,ncbi,gs","ncbi.public,s3.us-east-1,gs.US",missing,missing,missing,missing,DRX104242,Australia,Oceania,Australia,NextSeq 500,missing,sample_174,13.38 S 127.04 E,GBS_1,PAIRED,Restriction Digest,GENOMIC,1,Lates calcarifer,ILLUMINA,diploid,Assessment of genetic diversity of Asianseabass,sexual,2017-11-21T00:00:00Z,SAMD00099301,sample_174,DRP003286,2017-12-07T21:27:00Z,1,11252499,3984696,0.598684,Australia-13.38 S 127.04 E,AUW,bams/DRR111175.sort.flt.bam
DRR111180,RAD-Seq,280,1935287200,AVA,PRJDB3890,SAMD00099306,MIGS.eu,915935937,TEMASEK,2006,public,"sra,run.zq","s3,ncbi,gs","s3.us-east-1,ncbi.public,gs.US",missing,missing,missing,missing,DRX104247,Australia,Oceania,Australia,NextSeq 500,missing,sample_179,13.38 S 127.04 E,GBS_1,PAIRED,Restriction Digest,GENOMIC,1,Lates calcarifer,ILLUMINA,diploid,Assessment of genetic diversity of Asianseabass,sexual,2017-11-21T00:00:00Z,SAMD00099306,sample_179,DRP003286,2017-12-11T14:28:00Z,1,15057136,5552297,0.794066,Australia-13.38 S 127.04 E,AUW,bams/DRR111180.sort.flt.bam
DRR111181,RAD-Seq,280,1383346720,AVA,PRJDB3890,SAMD00099307,MIGS.eu,657648779,TEMASEK,2006,public,"sra,run.zq","s3,ncbi,gs","gs.US,ncbi.public,s3.us-east-1",missing,missing,missing,missing,DRX104248,Australia,Oceania,Australia,NextSeq 500,missing,sample_180,13.38 S 127.04 E,GBS_1,PAIRED,Restriction Digest,GENOMIC,1,Lates calcarifer,ILLUMINA,diploid,Assessment of genetic diversity of Asianseabass,sexual,2017-11-21T00:00:00Z,SAMD00099307,sample_180,DRP003286,2017-12-07T21:28:00Z,1,10780700,4186663,0.613073,Australia-13.38 S 127.04 E,AUW,bams/DRR111181.sort.flt.bam
DRR111185,RAD-Seq,280,962223640,AVA,PRJDB3890,SAMD00099311,MIGS.eu,455374862,TEMASEK,2006,public,"run.zq,sra","ncbi,gs,s3","s3.us-east-1,ncbi.public,gs.US",missing,missing,missing,missing,DRX104252,Australia,Oceania,Australia,NextSeq 500,missing,sample_187,13.38 S 127.04 E,GBS_1,PAIRED,Restriction Digest,GENOMIC,1,Lates calcarifer,ILLUMINA,diploid,Assessment of genetic diversity of Asianseabass,sexual,2017-11-21T00:00:00Z,SAMD00099311,sample_187,DRP003286,2017-12-07T21:29:00Z,1,7520575,3317320,0.478475,Australia-13.38 S 127.04 E,AUW,bams/DRR111185.sort.flt.bam
DRR111192,RAD-Seq,280,1551432400,AVA,PRJDB3890,SAMD00099318,MIGS.eu,736383458,TEMASEK,2004,public,"run.zq,sra","ncbi,s3,gs","s3.us-east-1,gs.US,ncbi.public",missing,missing,missing,missing,DRX104259,Indonesia,Asia,Indonesia,NextSeq 500,missing,sample_140,1.66 S 104.87 E,GBS_1,PAIRED,Restriction Digest,GENOMIC,1,Lates calcarifer,ILLUMINA,diploid,Assessment of genetic diversity of Asianseabass,sexual,2017-11-21T00:00:00Z,SAMD00099318,sample_140,DRP003286,2017-12-11T14:28:00Z,1,11881057,4344664,0.63577,Indonesia-1.66 S 104.87 E,INA,bams/DRR111192.sort.flt.bam
DRR111194,RAD-Seq,280,1367068360,AVA,PRJDB3890,SAMD00099320,MIGS.eu,650295534,TEMASEK,2004,public,"run.zq,sra","gs,ncbi,s3","ncbi.public,s3.us-east-1,gs.US",missing,missing,missing,missing,DRX104261,Indonesia,Asia,Indonesia,NextSeq 500,missing,sample_142,1.66 S 104.87 E,GBS_1,PAIRED,Restriction Digest,GENOMIC,1,Lates calcarifer,ILLUMINA,diploid,Assessment of genetic diversity of Asianseabass,sexual,2017-11-21T00:00:00Z,SAMD00099320,sample_142,DRP003286,2017-12-07T21:30:00Z,1,10690801,4290745,0.619952,Indonesia-1.66 S 104.87 E,INA,bams/DRR111194.sort.flt.bam
DRR111196,RAD-Seq,280,904064560,AVA,PRJDB3890,SAMD00099322,MIGS.eu,428705143,TEMASEK,2004,public,"run.zq,sra","gs,ncbi,s3","s3.us-east-1,ncbi.public,gs.US",missing,missing,missing,missing,DRX104263,Indonesia,Asia,Indonesia,NextSeq 500,missing,sample_144,1.66 S 104.87 E,GBS_1,PAIRED,Restriction Digest,GENOMIC,1,Lates calcarifer,ILLUMINA,diploid,Assessment of genetic diversity of Asianseabass,sexual,2017-11-21T00:00:00Z,SAMD00099322,sample_144,DRP003286,2017-12-07T21:27:00Z,1,6997988,2804725,0.409918,Indonesia-1.66 S 104.87 E,INA,bams/DRR111196.sort.flt.bam
DRR111197,RAD-Seq,280,1465253440,AVA,PRJDB3890,SAMD00099323,MIGS.eu,713011651,TEMASEK,2004,public,"sra,run.zq","ncbi,gs,s3","ncbi.public,gs.US,s3.us-east-1",missing,missing,missing,missing,DRX104264,Indonesia,Asia,Indonesia,NextSeq 500,missing,sample_145,1.66 S 104.87 E,GBS_1,PAIRED,Restriction Digest,GENOMIC,1,Lates calcarifer,ILLUMINA,diploid,Assessment of genetic diversity of Asianseabass,sexual,2017-11-21T00:00:00Z,SAMD00099323,sample_145,DRP003286,2017-12-11T14:29:00Z,1,11330727,4339020,0.623301,Indonesia-1.66 S 104.87 E,INA,bams/DRR111197.sort.flt.bam
DRR111200,RAD-Seq,280,1525100360,AVA,PRJDB3890,SAMD00099326,MIGS.eu,729719774,TEMASEK,2004,public,"run.zq,sra","s3,ncbi,gs","gs.US,ncbi.public,s3.us-east-1",missing,missing,missing,missing,DRX104267,Indonesia,Asia,Indonesia,NextSeq 500,missing,sample_148,1.66 S 104.87 E,GBS_1,PAIRED,Restriction Digest,GENOMIC,1,Lates calcarifer,ILLUMINA,diploid,Assessment of genetic diversity of Asianseabass,sexual,2017-11-21T00:00:00Z,SAMD00099326,sample_148,DRP003286,2017-12-11T14:28:00Z,1,11663829,4307999,0.632713,Indonesia-1.66 S 104.87 E,INA,bams/DRR111200.sort.flt.bam
DRR111201,RAD-Seq,280,1232210280,AVA,PRJDB3890,SAMD00099327,MIGS.eu,624003568,TEMASEK,2004,public,"run.zq,sra","s3,gs,ncbi","ncbi.public,gs.US,s3.us-east-1",missing,missing,missing,missing,DRX104268,Indonesia,Asia,Indonesia,NextSeq 500,missing,sample_149,1.66 S 104.87 E,GBS_1,PAIRED,Restriction Digest,GENOMIC,1,Lates calcarifer,ILLUMINA,diploid,Assessment of genetic diversity of Asianseabass,sexual,2017-11-21T00:00:00Z,SAMD00099327,sample_149,DRP003286,2017-12-11T14:29:00Z,1,9439468,3553335,0.516009,Indonesia-1.66 S 104.87 E,INA,bams/DRR111201.sort.flt.bam
DRR111203,RAD-Seq,280,1672995240,AVA,PRJDB3890,SAMD00099329,MIGS.eu,798576776,TEMASEK,2004,public,"run.zq,sra","gs,ncbi,s3","gs.US,ncbi.public,s3.us-east-1",missing,missing,missing,missing,DRX104270,Indonesia,Asia,Indonesia,NextSeq 500,missing,sample_152,1.66 S 104.87 E,GBS_1,PAIRED,Restriction Digest,GENOMIC,1,Lates calcarifer,ILLUMINA,diploid,Assessment of genetic diversity of Asianseabass,sexual,2017-11-21T00:00:00Z,SAMD00099329,sample_152,DRP003286,2017-12-07T21:28:00Z,1,12843992,4655364,0.673487,Indonesia-1.66 S 104.87 E,INA,bams/DRR111203.sort.flt.bam
DRR111204,RAD-Seq,280,1529503920,AVA,PRJDB3890,SAMD00099330,MIGS.eu,727325712,TEMASEK,2004,public,"run.zq,sra","gs,ncbi,s3","gs.US,s3.us-east-1,ncbi.public",missing,missing,missing,missing,DRX104271,Indonesia,Asia,Indonesia,NextSeq 500,missing,sample_153,1.66 S 104.87 E,GBS_1,PAIRED,Restriction Digest,GENOMIC,1,Lates calcarifer,ILLUMINA,diploid,Assessment of genetic diversity of Asianseabass,sexual,2017-11-21T00:00:00Z,SAMD00099330,sample_153,DRP003286,2017-12-07T21:28:00Z,1,11931857,4587298,0.648687,Indonesia-1.66 S 104.87 E,INA,bams/DRR111204.sort.flt.bam
DRR111211,RAD-Seq,280,1226590680,AVA,PRJDB3890,SAMD00099337,MIGS.eu,591480640,TEMASEK,2004,public,"sra,run.zq","gs,ncbi,s3","s3.us-east-1,ncbi.public,gs.US",missing,missing,missing,missing,DRX104278,Indonesia,Asia,Indonesia,NextSeq 500,missing,sample_160,1.66 S 104.87 E,GBS_1,PAIRED,Restriction Digest,GENOMIC,1,Lates calcarifer,ILLUMINA,diploid,Assessment of genetic diversity of Asianseabass,sexual,2017-11-21T00:00:00Z,SAMD00099337,sample_160,DRP003286,2017-12-11T14:30:00Z,1,9525063,3700536,0.529572,Indonesia-1.66 S 104.87 E,INA,bams/DRR111211.sort.flt.bam
DRR111213,RAD-Seq,280,810225080,AVA,PRJDB3890,SAMD00099339,MIGS.eu,383490659,TEMASEK,2004,public,"run.zq,sra","s3,gs,ncbi","ncbi.public,s3.us-east-1,gs.US",missing,missing,missing,missing,DRX104280,Indonesia,Asia,Indonesia,NextSeq 500,missing,sample_162,1.66 S 104.87 E,GBS_1,PAIRED,Restriction Digest,GENOMIC,1,Lates calcarifer,ILLUMINA,diploid,Assessment of genetic diversity of Asianseabass,sexual,2017-11-21T00:00:00Z,SAMD00099339,sample_162,DRP003286,2017-12-07T21:28:00Z,1,6264867,2496080,0.36521,Indonesia-1.66 S 104.87 E,INA,bams/DRR111213.sort.flt.bam
DRR111219,RAD-Seq,280,1530317040,AVA,PRJDB3890,SAMD00099345,MIGS.eu,721247083,TEMASEK,2004,public,"run.zq,sra","gs,s3,ncbi","s3.us-east-1,ncbi.public,gs.US",missing,missing,missing,missing,DRX104286,Malaysia,Asia,Malaysia,NextSeq 500,missing,sample_73,3.35 N 103.64 E,GBS_1,PAIRED,Restriction Digest,GENOMIC,1,Lates calcarifer,ILLUMINA,diploid,Assessment of genetic diversity of Asianseabass,sexual,2017-11-21T00:00:00Z,SAMD00099345,sample_73,DRP003286,2017-12-07T21:28:00Z,1,11559910,3937355,0.587324,Malaysia-3.35 N 103.64 E,MAL,bams/DRR111219.sort.flt.bam
DRR111223,RAD-Seq,280,1234282840,AVA,PRJDB3890,SAMD00099349,MIGS.eu,592197052,TEMASEK,2004,public,"run.zq,sra","ncbi,s3,gs","s3.us-east-1,ncbi.public,gs.US",missing,missing,missing,missing,DRX104290,Malaysia,Asia,Malaysia,NextSeq 500,missing,sample_116,3.35 N 103.64 E,GBS_1,PAIRED,Restriction Digest,GENOMIC,1,Lates calcarifer,ILLUMINA,diploid,Assessment of genetic diversity of Asianseabass,sexual,2017-11-21T00:00:00Z,SAMD00099349,sample_116,DRP003286,2017-12-11T14:29:00Z,1,9413704,3425112,0.501471,Malaysia-3.35 N 103.64 E,MAL,bams/DRR111223.sort.flt.bam
DRR111232,RAD-Seq,280,807535120,AVA,PRJDB3890,SAMD00099358,MIGS.eu,393950532,TEMASEK,2004,public,"run.zq,sra","s3,gs,ncbi","s3.us-east-1,gs.US,ncbi.public",missing,missing,missing,missing,DRX104299,Malaysia,Asia,Malaysia,NextSeq 500,missing,sample_125,3.35 N 103.64 E,GBS_1,PAIRED,Restriction Digest,GENOMIC,1,Lates calcarifer,ILLUMINA,diploid,Assessment of genetic diversity of Asianseabass,sexual,2017-11-21T00:00:00Z,SAMD00099358,sample_125,DRP003286,2017-12-11T14:28:00Z,1,6419141,2549686,0.385232,Malaysia-3.35 N 103.64 E,MAL,bams/DRR111232.sort.flt.bam
DRR111233,RAD-Seq,280,1128253840,AVA,PRJDB3890,SAMD00099359,MIGS.eu,546109954,TEMASEK,2004,public,"run.zq,sra","s3,ncbi,gs","s3.us-east-1,ncbi.public,gs.US",missing,missing,missing,missing,DRX104300,Malaysia,Asia,Malaysia,NextSeq 500,missing,sample_127,3.35 N 103.64 E,GBS_1,PAIRED,Restriction Digest,GENOMIC,1,Lates calcarifer,ILLUMINA,diploid,Assessment of genetic diversity of Asianseabass,sexual,2017-11-21T00:00:00Z,SAMD00099359,sample_127,DRP003286,2017-12-07T21:28:00Z,1,8717889,3463380,0.506872,Malaysia-3.35 N 103.64 E,MAL,bams/DRR111233.sort.flt.bam
DRR111234,RAD-Seq,280,1039141600,AVA,PRJDB3890,SAMD00099360,MIGS.eu,496887638,TEMASEK,2004,public,"run.zq,sra","ncbi,gs,s3","ncbi.public,s3.us-east-1,gs.US",missing,missing,missing,missing,DRX104301,Malaysia,Asia,Malaysia,NextSeq 500,missing,sample_128,3.35 N 103.64 E,GBS_1,PAIRED,Restriction Digest,GENOMIC,1,Lates calcarifer,ILLUMINA,diploid,Assessment of genetic diversity of Asianseabass,sexual,2017-11-21T00:00:00Z,SAMD00099360,sample_128,DRP003286,2017-12-07T21:27:00Z,1,8040327,3171922,0.462017,Malaysia-3.35 N 103.64 E,MAL,bams/DRR111234.sort.flt.bam
DRR111236,RAD-Seq,280,1132954760,AVA,PRJDB3890,SAMD00099362,MIGS.eu,547243402,TEMASEK,2004,public,"run.zq,sra","ncbi,s3,gs","s3.us-east-1,ncbi.public,gs.US",missing,missing,missing,missing,DRX104303,Malaysia,Asia,Malaysia,NextSeq 500,missing,sample_130,3.35 N 103.64 E,GBS_1,PAIRED,Restriction Digest,GENOMIC,1,Lates calcarifer,ILLUMINA,diploid,Assessment of genetic diversity of Asianseabass,sexual,2017-11-21T00:00:00Z,SAMD00099362,sample_130,DRP003286,2017-12-11T14:27:00Z,1,8788505,3518578,0.511469,Malaysia-3.35 N 103.64 E,MAL,bams/DRR111236.sort.flt.bam
DRR111237,RAD-Seq,280,1015105840,AVA,PRJDB3890,SAMD00099363,MIGS.eu,491102545,TEMASEK,2004,public,"sra,run.zq","s3,gs,ncbi","gs.US,s3.us-east-1,ncbi.public",missing,missing,missing,missing,DRX104304,Malaysia,Asia,Malaysia,NextSeq 500,missing,sample_131,3.35 N 103.64 E,GBS_1,PAIRED,Restriction Digest,GENOMIC,1,Lates calcarifer,ILLUMINA,diploid,Assessment of genetic diversity of Asianseabass,sexual,2017-11-21T00:00:00Z,SAMD00099363,sample_131,DRP003286,2017-12-07T21:28:00Z,1,7793081,3064001,0.444357,Malaysia-3.35 N 103.64 E,MAL,bams/DRR111237.sort.flt.bam
DRR111242,RAD-Seq,280,862419320,AVA,PRJDB3890,SAMD00099368,MIGS.eu,412465512,TEMASEK,2004,public,"sra,run.zq","gs,ncbi,s3","ncbi.public,gs.US,s3.us-east-1",missing,missing,missing,missing,DRX104309,Malaysia,Asia,Malaysia,NextSeq 500,missing,sample_137,3.35 N 103.64 E,GBS_1,PAIRED,Restriction Digest,GENOMIC,1,Lates calcarifer,ILLUMINA,diploid,Assessment of genetic diversity of Asianseabass,sexual,2017-11-21T00:00:00Z,SAMD00099368,sample_137,DRP003286,2017-12-07T21:32:00Z,1,6714419,2707242,0.391266,Malaysia-3.35 N 103.64 E,MAL,bams/DRR111242.sort.flt.bam
DRR111247,RAD-Seq,280,1450899520,AVA,PRJDB3890,SAMD00099373,MIGS.eu,699870392,TEMASEK,2004,public,"run.zq,sra","gs,s3,ncbi","s3.us-east-1,gs.US,ncbi.public",missing,missing,missing,missing,DRX104314,Thailand,Asia,Thailand,NextSeq 500,missing,sample_64,12.62 N 101.15 E,GBS_1,PAIRED,Restriction Digest,GENOMIC,1,Lates calcarifer,ILLUMINA,diploid,Assessment of genetic diversity of Asianseabass,sexual,2017-11-21T00:00:00Z,SAMD00099373,sample_64,DRP003286,2017-12-07T21:32:00Z,1,11020421,3773691,0.557941,Thailand-12.62 N 101.15 E,THA,bams/DRR111247.sort.flt.bam
DRR111248,RAD-Seq,280,1756451480,AVA,PRJDB3890,SAMD00099374,MIGS.eu,853252168,TEMASEK,2004,public,"sra,run.zq","ncbi,gs,s3","gs.US,s3.us-east-1,ncbi.public",missing,missing,missing,missing,DRX104315,Thailand,Asia,Thailand,NextSeq 500,missing,sample_65,12.62 N 101.15 E,GBS_1,PAIRED,Restriction Digest,GENOMIC,1,Lates calcarifer,ILLUMINA,diploid,Assessment of genetic diversity of Asianseabass,sexual,2017-11-21T00:00:00Z,SAMD00099374,sample_65,DRP003286,2017-12-07T21:26:00Z,1,13538284,5027570,0.72193,Thailand-12.62 N 101.15 E,THA,bams/DRR111248.sort.flt.bam
DRR111253,RAD-Seq,280,1543651200,AVA,PRJDB3890,SAMD00099379,MIGS.eu,768219177,TEMASEK,2004,public,"run.zq,sra","s3,gs,ncbi","gs.US,s3.us-east-1,ncbi.public",missing,missing,missing,missing,DRX104320,Thailand,Asia,Thailand,NextSeq 500,missing,sample_93,12.62 N 101.15 E,GBS_1,PAIRED,Restriction Digest,GENOMIC,1,Lates calcarifer,ILLUMINA,diploid,Assessment of genetic diversity of Asianseabass,sexual,2017-11-21T00:00:00Z,SAMD00099379,sample_93,DRP003286,2017-12-07T21:27:00Z,1,11766379,4344671,0.614593,Thailand-12.62 N 101.15 E,THA,bams/DRR111253.sort.flt.bam
DRR111255,RAD-Seq,280,1282497440,AVA,PRJDB3890,SAMD00099381,MIGS.eu,616812097,TEMASEK,2004,public,"sra,run.zq","gs,s3,ncbi","ncbi.public,s3.us-east-1,gs.US",missing,missing,missing,missing,DRX104322,Thailand,Asia,Thailand,NextSeq 500,missing,sample_96,12.62 N 101.15 E,GBS_1,PAIRED,Restriction Digest,GENOMIC,1,Lates calcarifer,ILLUMINA,diploid,Assessment of genetic diversity of Asianseabass,sexual,2017-11-21T00:00:00Z,SAMD00099381,sample_96,DRP003286,2017-12-11T14:29:00Z,1,9814070,3636533,0.526106,Thailand-12.62 N 101.15 E,THA,bams/DRR111255.sort.flt.bam
DRR111256,RAD-Seq,280,1326596880,AVA,PRJDB3890,SAMD00099382,MIGS.eu,656611147,TEMASEK,2004,public,"run.zq,sra","ncbi,s3,gs","ncbi.public,s3.us-east-1,gs.US",missing,missing,missing,missing,DRX104323,Thailand,Asia,Thailand,NextSeq 500,missing,sample_97,12.62 N 101.15 E,GBS_1,PAIRED,Restriction Digest,GENOMIC,1,Lates calcarifer,ILLUMINA,diploid,Assessment of genetic diversity of Asianseabass,sexual,2017-11-21T00:00:00Z,SAMD00099382,sample_97,DRP003286,2017-12-07T21:28:00Z,1,10215514,3842489,0.546566,Thailand-12.62 N 101.15 E,THA,bams/DRR111256.sort.flt.bam
DRR111257,RAD-Seq,280,1250109560,AVA,PRJDB3890,SAMD00099383,MIGS.eu,605041550,TEMASEK,2004,public,"sra,run.zq","s3,gs,ncbi","gs.US,ncbi.public,s3.us-east-1",missing,missing,missing,missing,DRX104324,Thailand,Asia,Thailand,NextSeq 500,missing,sample_98,12.62 N 101.15 E,GBS_1,PAIRED,Restriction Digest,GENOMIC,1,Lates calcarifer,ILLUMINA,diploid,Assessment of genetic diversity of Asianseabass,sexual,2017-11-21T00:00:00Z,SAMD00099383,sample_98,DRP003286,2017-12-07T21:30:00Z,1,9765941,3706755,0.539271,Thailand-12.62 N 101.15 E,THA,bams/DRR111257.sort.flt.bam
DRR111259,RAD-Seq,280,1505000560,AVA,PRJDB3890,SAMD00099385,MIGS.eu,732793633,TEMASEK,2004,public,"run.zq,sra","gs,s3,ncbi","gs.US,s3.us-east-1,ncbi.public",missing,missing,missing,missing,DRX104326,Thailand,Asia,Thailand,NextSeq 500,missing,sample_100,12.62 N 101.15 E,GBS_1,PAIRED,Restriction Digest,GENOMIC,1,Lates calcarifer,ILLUMINA,diploid,Assessment of genetic diversity of Asianseabass,sexual,2017-11-21T00:00:00Z,SAMD00099385,sample_100,DRP003286,2017-12-07T21:35:00Z,1,11647041,4407437,0.63542,Thailand-12.62 N 101.15 E,THA,bams/DRR111259.sort.flt.bam
DRR111260,RAD-Seq,280,1317937040,AVA,PRJDB3890,SAMD00099386,MIGS.eu,674557846,TEMASEK,2004,public,"sra,run.zq","s3,ncbi,gs","ncbi.public,s3.us-east-1,gs.US",missing,missing,missing,missing,DRX104327,Thailand,Asia,Thailand,NextSeq 500,missing,sample_101,12.62 N 101.15 E,GBS_1,PAIRED,Restriction Digest,GENOMIC,1,Lates calcarifer,ILLUMINA,diploid,Assessment of genetic diversity of Asianseabass,sexual,2017-11-21T00:00:00Z,SAMD00099386,sample_101,DRP003286,2017-12-07T21:33:00Z,1,10087926,3785139,0.542715,Thailand-12.62 N 101.15 E,THA,bams/DRR111260.sort.flt.bam
DRR111262,RAD-Seq,280,1593897480,AVA,PRJDB3890,SAMD00099388,MIGS.eu,774671735,TEMASEK,2004,public,"sra,run.zq","gs,s3,ncbi","ncbi.public,gs.US,s3.us-east-1",missing,missing,missing,missing,DRX104329,Thailand,Asia,Thailand,NextSeq 500,missing,sample_103,12.62 N 101.15 E,GBS_1,PAIRED,Restriction Digest,GENOMIC,1,Lates calcarifer,ILLUMINA,diploid,Assessment of genetic diversity of Asianseabass,sexual,2017-11-21T00:00:00Z,SAMD00099388,sample_103,DRP003286,2017-12-07T21:32:00Z,1,12197145,4327469,0.62843,Thailand-12.62 N 101.15 E,THA,bams/DRR111262.sort.flt.bam
DRR111266,RAD-Seq,280,1223340720,AVA,PRJDB3890,SAMD00099392,MIGS.eu,601310496,TEMASEK,2004,public,"run.zq,sra","gs,ncbi,s3","gs.US,ncbi.public,s3.us-east-1",missing,missing,missing,missing,DRX104333,Thailand,Asia,Thailand,NextSeq 500,missing,sample_107,12.62 N 101.15 E,GBS_1,PAIRED,Restriction Digest,GENOMIC,1,Lates calcarifer,ILLUMINA,diploid,Assessment of genetic diversity of Asianseabass,sexual,2017-11-21T00:00:00Z,SAMD00099392,sample_107,DRP003286,2017-12-07T21:28:00Z,1,9307865,3392685,0.500385,Thailand-12.62 N 101.15 E,THA,bams/DRR111266.sort.flt.bam
DRR111270,RAD-Seq,280,760618040,AVA,PRJDB3890,SAMD00099396,MIGS.eu,370154869,TEMASEK,2004,public,"run.zq,sra","gs,ncbi,s3","s3.us-east-1,ncbi.public,gs.US",missing,missing,missing,missing,DRX104337,Thailand,Asia,Thailand,NextSeq 500,missing,sample_111,12.62 N 101.15 E,GBS_1,PAIRED,Restriction Digest,GENOMIC,1,Lates calcarifer,ILLUMINA,diploid,Assessment of genetic diversity of Asianseabass,sexual,2017-11-21T00:00:00Z,SAMD00099396,sample_111,DRP003286,2017-12-11T14:29:00Z,1,5872516,2245267,0.345529,Thailand-12.62 N 101.15 E,THA,bams/DRR111270.sort.flt.bam
DRR111271,RAD-Seq,280,990325840,AVA,PRJDB3890,SAMD00099397,MIGS.eu,482705029,TEMASEK,2004,public,"run.zq,sra","ncbi,gs,s3","gs.US,s3.us-east-1,ncbi.public",missing,missing,missing,missing,DRX104338,Thailand,Asia,Thailand,NextSeq 500,missing,sample_113,12.62 N 101.15 E,GBS_1,PAIRED,Restriction Digest,GENOMIC,1,Lates calcarifer,ILLUMINA,diploid,Assessment of genetic diversity of Asianseabass,sexual,2017-11-21T00:00:00Z,SAMD00099397,sample_113,DRP003286,2017-12-11T14:28:00Z,1,7677606,3076364,0.442635,Thailand-12.62 N 101.15 E,THA,bams/DRR111271.sort.flt.bam
