Run,Region,Lineage,DataType,long,lat,State,Chrom,Genotype
SRR3165618,Northern Territory,AUS+NG,WGS,130.83,-12.52,RHomRHomRHom,LC03geno,RHom
SRR3165618,Northern Territory,AUS+NG,WGS,130.83,-12.52,RHomRHomRHom,LC05geno,RHom
SRR3165618,Northern Territory,AUS+NG,WGS,130.83,-12.52,RHomRHomRHom,LC20geno,RHom
SRR3165619,Northern Territory,AUS+NG,WGS,130.83,-12.52,RHomRHomRHom,LC03geno,RHom
SRR3165619,Northern Territory,AUS+NG,WGS,130.83,-12.52,RHomRHomRHom,LC05geno,RHom
SRR3165619,Northern Territory,AUS+NG,WGS,130.83,-12.52,RHomRHomRHom,LC20geno,RHom
SRR3165620,Northern Territory,AUS+NG,WGS,130.83,-12.52,RHomRHomRHom,LC03geno,RHom
SRR3165620,Northern Territory,AUS+NG,WGS,130.83,-12.52,RHomRHomRHom,LC05geno,RHom
SRR3165620,Northern Territory,AUS+NG,WGS,130.83,-12.52,RHomRHomRHom,LC20geno,RHom
SRR3165621,Northern Territory,AUS+NG,WGS,130.83,-12.52,RHomRHomRHom,LC03geno,RHom
SRR3165621,Northern Territory,AUS+NG,WGS,130.83,-12.52,RHomRHomRHom,LC05geno,RHom
SRR3165621,Northern Territory,AUS+NG,WGS,130.83,-12.52,RHomRHomRHom,LC20geno,RHom
SRR3165622,Northern Territory,AUS+NG,WGS,130.83,-12.52,RHomRHomRHom,LC03geno,RHom
SRR3165622,Northern Territory,AUS+NG,WGS,130.83,-12.52,RHomRHomRHom,LC05geno,RHom
SRR3165622,Northern Territory,AUS+NG,WGS,130.83,-12.52,RHomRHomRHom,LC20geno,RHom
SRR3165623,Northern Territory,AUS+NG,WGS,130.83,-12.52,RHomRHomRHom,LC03geno,RHom
SRR3165623,Northern Territory,AUS+NG,WGS,130.83,-12.52,RHomRHomRHom,LC05geno,RHom
SRR3165623,Northern Territory,AUS+NG,WGS,130.83,-12.52,RHomRHomRHom,LC20geno,RHom
SRR3165629,Queensland,AUS+NG,WGS,146.193,-18.384,RHomRHomRHom,LC03geno,RHom
SRR3165629,Queensland,AUS+NG,WGS,146.193,-18.384,RHomRHomRHom,LC05geno,RHom
SRR3165629,Queensland,AUS+NG,WGS,146.193,-18.384,RHomRHomRHom,LC20geno,RHom
SRR3165630,Queensland,AUS+NG,WGS,146.193,-18.384,RHomRHomRHom,LC03geno,RHom
SRR3165630,Queensland,AUS+NG,WGS,146.193,-18.384,RHomRHomRHom,LC05geno,RHom
SRR3165630,Queensland,AUS+NG,WGS,146.193,-18.384,RHomRHomRHom,LC20geno,RHom
SRR3165631,Queensland,AUS+NG,WGS,146.193,-18.384,RHomRHomRHom,LC03geno,RHom
SRR3165631,Queensland,AUS+NG,WGS,146.193,-18.384,RHomRHomRHom,LC05geno,RHom
SRR3165631,Queensland,AUS+NG,WGS,146.193,-18.384,RHomRHomRHom,LC20geno,RHom
SRR3165632,Queensland,AUS+NG,WGS,146.193,-18.384,RHomRHomRHom,LC03geno,RHom
SRR3165632,Queensland,AUS+NG,WGS,146.193,-18.384,RHomRHomRHom,LC05geno,RHom
SRR3165632,Queensland,AUS+NG,WGS,146.193,-18.384,RHomRHomRHom,LC20geno,RHom
SRR3165633,Queensland,AUS+NG,WGS,146.193,-18.384,RHomRHomRHom,LC03geno,RHom
SRR3165633,Queensland,AUS+NG,WGS,146.193,-18.384,RHomRHomRHom,LC05geno,RHom
SRR3165633,Queensland,AUS+NG,WGS,146.193,-18.384,RHomRHomRHom,LC20geno,RHom
SRR3165634,Queensland,AUS+NG,WGS,146.193,-18.384,RHomRHomRHom,LC03geno,RHom
SRR3165634,Queensland,AUS+NG,WGS,146.193,-18.384,RHomRHomRHom,LC05geno,RHom
SRR3165634,Queensland,AUS+NG,WGS,146.193,-18.384,RHomRHomRHom,LC20geno,RHom
SRR3165624,Papua New Guinea,AUS+NG,WGS,142.44308024347944,-8.29939837071467,RHomRHomRHom,LC03geno,RHom
SRR3165624,Papua New Guinea,AUS+NG,WGS,142.44308024347944,-8.29939837071467,RHomRHomRHom,LC05geno,RHom
SRR3165624,Papua New Guinea,AUS+NG,WGS,142.44308024347944,-8.29939837071467,RHomRHomRHom,LC20geno,RHom
SRR3165625,Papua New Guinea,AUS+NG,WGS,142.44308024347944,-8.29939837071467,RHomRHomRHom,LC03geno,RHom
SRR3165625,Papua New Guinea,AUS+NG,WGS,142.44308024347944,-8.29939837071467,RHomRHomRHom,LC05geno,RHom
SRR3165625,Papua New Guinea,AUS+NG,WGS,142.44308024347944,-8.29939837071467,RHomRHomRHom,LC20geno,RHom
SRR3165626,Papua New Guinea,AUS+NG,WGS,142.44308024347944,-8.29939837071467,RHomRHomRHom,LC03geno,RHom
SRR3165626,Papua New Guinea,AUS+NG,WGS,142.44308024347944,-8.29939837071467,RHomRHomRHom,LC05geno,RHom
SRR3165626,Papua New Guinea,AUS+NG,WGS,142.44308024347944,-8.29939837071467,RHomRHomRHom,LC20geno,RHom
SRR3165627,Papua New Guinea,AUS+NG,WGS,142.44308024347944,-8.29939837071467,RHomRHomRHom,LC03geno,RHom
SRR3165627,Papua New Guinea,AUS+NG,WGS,142.44308024347944,-8.29939837071467,RHomRHomRHom,LC05geno,RHom
SRR3165627,Papua New Guinea,AUS+NG,WGS,142.44308024347944,-8.29939837071467,RHomRHomRHom,LC20geno,RHom
SRR3165628,Papua New Guinea,AUS+NG,WGS,142.44308024347944,-8.29939837071467,RHomRHomRHom,LC03geno,RHom
SRR3165628,Papua New Guinea,AUS+NG,WGS,142.44308024347944,-8.29939837071467,RHomRHomRHom,LC05geno,RHom
SRR3165628,Papua New Guinea,AUS+NG,WGS,142.44308024347944,-8.29939837071467,RHomRHomRHom,LC20geno,RHom
SRR3165598,Cambodia,SEA,WGS,103.5,11.2,AHomHetAHom,LC03geno,AHom
SRR3165598,Cambodia,SEA,WGS,103.5,11.2,AHomHetAHom,LC05geno,Het
SRR3165598,Cambodia,SEA,WGS,103.5,11.2,AHomHetAHom,LC20geno,AHom
SRR3183271,Indonesia-SJ,SEA,WGS,106.8537753556366,-6.366839146767122,HetHetRHom,LC03geno,Het
SRR3183271,Indonesia-SJ,SEA,WGS,106.8537753556366,-6.366839146767122,HetHetRHom,LC05geno,Het
SRR3183271,Indonesia-SJ,SEA,WGS,106.8537753556366,-6.366839146767122,HetHetRHom,LC20geno,RHom
SRR3183262,Thailand,SEA,WGS,109.1822961000932,12.26247723813613,HetHetRHom,LC03geno,Het
SRR3183262,Thailand,SEA,WGS,109.1822961000932,12.26247723813613,HetHetRHom,LC05geno,Het
SRR3183262,Thailand,SEA,WGS,109.1822961000932,12.26247723813613,HetHetRHom,LC20geno,RHom
SRR3183267,Indonesia-SJ,SEA,WGS,106.8537753556366,-6.366839146767122,HetRHomHet,LC03geno,Het
SRR3183267,Indonesia-SJ,SEA,WGS,106.8537753556366,-6.366839146767122,HetRHomHet,LC05geno,RHom
SRR3183267,Indonesia-SJ,SEA,WGS,106.8537753556366,-6.366839146767122,HetRHomHet,LC20geno,Het
SRR3165607,Philippines,SEA,WGS,120.9,14.5,HetRHomHet,LC03geno,Het
SRR3165607,Philippines,SEA,WGS,120.9,14.5,HetRHomHet,LC05geno,RHom
SRR3165607,Philippines,SEA,WGS,120.9,14.5,HetRHomHet,LC20geno,Het
SRR3165608,Philippines,SEA,WGS,120.9,14.5,HetRHomHet,LC03geno,Het
SRR3165608,Philippines,SEA,WGS,120.9,14.5,HetRHomHet,LC05geno,RHom
SRR3165608,Philippines,SEA,WGS,120.9,14.5,HetRHomHet,LC20geno,Het
SRR3165603,Thailand,SEA,WGS,109.1822961000932,12.26247723813613,HetRHomHet,LC03geno,Het
SRR3165603,Thailand,SEA,WGS,109.1822961000932,12.26247723813613,HetRHomHet,LC05geno,RHom
SRR3165603,Thailand,SEA,WGS,109.1822961000932,12.26247723813613,HetRHomHet,LC20geno,Het
SRR3165605,Vietnam,SEA,WGS,106.89,10.33,HetRHomHet,LC03geno,Het
SRR3165605,Vietnam,SEA,WGS,106.89,10.33,HetRHomHet,LC05geno,RHom
SRR3165605,Vietnam,SEA,WGS,106.89,10.33,HetRHomHet,LC20geno,Het
SRR3165599,Cambodia,SEA,WGS,103.5,11.2,HetRHomRHom,LC03geno,Het
SRR3165599,Cambodia,SEA,WGS,103.5,11.2,HetRHomRHom,LC05geno,RHom
SRR3165599,Cambodia,SEA,WGS,103.5,11.2,HetRHomRHom,LC20geno,RHom
SRR3183268,Indonesia-SJ,SEA,WGS,106.8537753556366,-6.366839146767122,RHomHetAHom,LC03geno,RHom
SRR3183268,Indonesia-SJ,SEA,WGS,106.8537753556366,-6.366839146767122,RHomHetAHom,LC05geno,Het
SRR3183268,Indonesia-SJ,SEA,WGS,106.8537753556366,-6.366839146767122,RHomHetAHom,LC20geno,AHom
SRR3183263,Thailand,SEA,WGS,109.1822961000932,12.26247723813613,RHomHetHet,LC03geno,RHom
SRR3183263,Thailand,SEA,WGS,109.1822961000932,12.26247723813613,RHomHetHet,LC05geno,Het
SRR3183263,Thailand,SEA,WGS,109.1822961000932,12.26247723813613,RHomHetHet,LC20geno,Het
SRR3183264,Thailand,SEA,WGS,109.1822961000932,12.26247723813613,RHomHetHet,LC03geno,RHom
SRR3183264,Thailand,SEA,WGS,109.1822961000932,12.26247723813613,RHomHetHet,LC05geno,Het
SRR3183264,Thailand,SEA,WGS,109.1822961000932,12.26247723813613,RHomHetHet,LC20geno,Het
SRR3183270,Indonesia-SJ,SEA,WGS,106.8537753556366,-6.366839146767122,RHomHetRHom,LC03geno,RHom
SRR3183270,Indonesia-SJ,SEA,WGS,106.8537753556366,-6.366839146767122,RHomHetRHom,LC05geno,Het
SRR3183270,Indonesia-SJ,SEA,WGS,106.8537753556366,-6.366839146767122,RHomHetRHom,LC20geno,RHom
SRR3165610,Philippines,SEA,WGS,120.9,14.5,RHomHetRHom,LC03geno,RHom
SRR3165610,Philippines,SEA,WGS,120.9,14.5,RHomHetRHom,LC05geno,Het
SRR3165610,Philippines,SEA,WGS,120.9,14.5,RHomHetRHom,LC20geno,RHom
SRR3165611,Philippines,SEA,WGS,120.9,14.5,RHomHetRHom,LC03geno,RHom
SRR3165611,Philippines,SEA,WGS,120.9,14.5,RHomHetRHom,LC05geno,Het
SRR3165611,Philippines,SEA,WGS,120.9,14.5,RHomHetRHom,LC20geno,RHom
SRR3183269,Indonesia-SJ,SEA,WGS,106.8537753556366,-6.366839146767122,RHomRHomHet,LC03geno,RHom
SRR3183269,Indonesia-SJ,SEA,WGS,106.8537753556366,-6.366839146767122,RHomRHomHet,LC05geno,RHom
SRR3183269,Indonesia-SJ,SEA,WGS,106.8537753556366,-6.366839146767122,RHomRHomHet,LC20geno,Het
SRR3165600,Cambodia,SEA,WGS,103.5,11.2,RHomRHomHet,LC03geno,RHom
SRR3165600,Cambodia,SEA,WGS,103.5,11.2,RHomRHomHet,LC05geno,RHom
SRR3165600,Cambodia,SEA,WGS,103.5,11.2,RHomRHomHet,LC20geno,Het
SRR3165609,Philippines,SEA,WGS,120.9,14.5,RHomRHomHet,LC03geno,RHom
SRR3165609,Philippines,SEA,WGS,120.9,14.5,RHomRHomHet,LC05geno,RHom
SRR3165609,Philippines,SEA,WGS,120.9,14.5,RHomRHomHet,LC20geno,Het
SRR3183265,Thailand,SEA,WGS,109.1822961000932,12.26247723813613,RHomRHomHet,LC03geno,RHom
SRR3183265,Thailand,SEA,WGS,109.1822961000932,12.26247723813613,RHomRHomHet,LC05geno,RHom
SRR3183265,Thailand,SEA,WGS,109.1822961000932,12.26247723813613,RHomRHomHet,LC20geno,Het
SRR3165613,Indonesia-K,SEA,WGS,117.30615528553341,-0.5692818950458692,RHomRHomRHom,LC03geno,RHom
SRR3165613,Indonesia-K,SEA,WGS,117.30615528553341,-0.5692818950458692,RHomRHomRHom,LC05geno,RHom
SRR3165613,Indonesia-K,SEA,WGS,117.30615528553341,-0.5692818950458692,RHomRHomRHom,LC20geno,RHom
SRR3165614,Indonesia-K,SEA,WGS,117.30615528553341,-0.5692818950458692,RHomRHomRHom,LC03geno,RHom
SRR3165614,Indonesia-K,SEA,WGS,117.30615528553341,-0.5692818950458692,RHomRHomRHom,LC05geno,RHom
SRR3165614,Indonesia-K,SEA,WGS,117.30615528553341,-0.5692818950458692,RHomRHomRHom,LC20geno,RHom
SRR3165615,Indonesia-K,SEA,WGS,117.30615528553341,-0.5692818950458692,RHomRHomRHom,LC03geno,RHom
SRR3165615,Indonesia-K,SEA,WGS,117.30615528553341,-0.5692818950458692,RHomRHomRHom,LC05geno,RHom
SRR3165615,Indonesia-K,SEA,WGS,117.30615528553341,-0.5692818950458692,RHomRHomRHom,LC20geno,RHom
SRR3165616,Indonesia-K,SEA,WGS,117.30615528553341,-0.5692818950458692,RHomRHomRHom,LC03geno,RHom
SRR3165616,Indonesia-K,SEA,WGS,117.30615528553341,-0.5692818950458692,RHomRHomRHom,LC05geno,RHom
SRR3165616,Indonesia-K,SEA,WGS,117.30615528553341,-0.5692818950458692,RHomRHomRHom,LC20geno,RHom
SRR3165617,Indonesia-K,SEA,WGS,117.30615528553341,-0.5692818950458692,RHomRHomRHom,LC03geno,RHom
SRR3165617,Indonesia-K,SEA,WGS,117.30615528553341,-0.5692818950458692,RHomRHomRHom,LC05geno,RHom
SRR3165617,Indonesia-K,SEA,WGS,117.30615528553341,-0.5692818950458692,RHomRHomRHom,LC20geno,RHom
SRR3165612,Indonesia-SU,SEA,WGS,119.36122087066084,-5.329346651839946,RHomRHomRHom,LC03geno,RHom
SRR3165612,Indonesia-SU,SEA,WGS,119.36122087066084,-5.329346651839946,RHomRHomRHom,LC05geno,RHom
SRR3165612,Indonesia-SU,SEA,WGS,119.36122087066084,-5.329346651839946,RHomRHomRHom,LC20geno,RHom
SRR3165601,Cambodia,SEA,WGS,103.5,11.2,RHomRHomRHom,LC03geno,RHom
SRR3165601,Cambodia,SEA,WGS,103.5,11.2,RHomRHomRHom,LC05geno,RHom
SRR3165601,Cambodia,SEA,WGS,103.5,11.2,RHomRHomRHom,LC20geno,RHom
SRR3165602,Cambodia,SEA,WGS,103.5,11.2,RHomRHomRHom,LC03geno,RHom
SRR3165602,Cambodia,SEA,WGS,103.5,11.2,RHomRHomRHom,LC05geno,RHom
SRR3165602,Cambodia,SEA,WGS,103.5,11.2,RHomRHomRHom,LC20geno,RHom
SRR3165604,Thailand,SEA,WGS,109.1822961000932,12.26247723813613,RHomRHomRHom,LC03geno,RHom
SRR3165604,Thailand,SEA,WGS,109.1822961000932,12.26247723813613,RHomRHomRHom,LC05geno,RHom
SRR3165604,Thailand,SEA,WGS,109.1822961000932,12.26247723813613,RHomRHomRHom,LC20geno,RHom
SRR3183266,Thailand,SEA,WGS,109.1822961000932,12.26247723813613,RHomRHomRHom,LC03geno,RHom
SRR3183266,Thailand,SEA,WGS,109.1822961000932,12.26247723813613,RHomRHomRHom,LC05geno,RHom
SRR3183266,Thailand,SEA,WGS,109.1822961000932,12.26247723813613,RHomRHomRHom,LC20geno,RHom
SRR3165606,Vietnam,SEA,WGS,106.89,10.33,RHomRHomRHom,LC03geno,RHom
SRR3165606,Vietnam,SEA,WGS,106.89,10.33,RHomRHomRHom,LC05geno,RHom
SRR3165606,Vietnam,SEA,WGS,106.89,10.33,RHomRHomRHom,LC20geno,RHom
SRR3165594,India Eastern Coast,IND,WGS,79.83956801792998,11.367058993817158,AHomAHomAHom,LC03geno,AHom
SRR3165594,India Eastern Coast,IND,WGS,79.83956801792998,11.367058993817158,AHomAHomAHom,LC05geno,AHom
SRR3165594,India Eastern Coast,IND,WGS,79.83956801792998,11.367058993817158,AHomAHomAHom,LC20geno,AHom
SRR3165595,India Eastern Coast,IND,WGS,79.83956801792998,11.367058993817158,AHomAHomAHom,LC03geno,AHom
SRR3165595,India Eastern Coast,IND,WGS,79.83956801792998,11.367058993817158,AHomAHomAHom,LC05geno,AHom
SRR3165595,India Eastern Coast,IND,WGS,79.83956801792998,11.367058993817158,AHomAHomAHom,LC20geno,AHom
SRR3183253,India Eastern Coast,IND,WGS,79.83956801792998,11.367058993817158,AHomAHomAHom,LC03geno,AHom
SRR3183253,India Eastern Coast,IND,WGS,79.83956801792998,11.367058993817158,AHomAHomAHom,LC05geno,AHom
SRR3183253,India Eastern Coast,IND,WGS,79.83956801792998,11.367058993817158,AHomAHomAHom,LC20geno,AHom
SRR3183255,India Eastern Coast,IND,WGS,79.83956801792998,11.367058993817158,AHomAHomAHom,LC03geno,AHom
SRR3183255,India Eastern Coast,IND,WGS,79.83956801792998,11.367058993817158,AHomAHomAHom,LC05geno,AHom
SRR3183255,India Eastern Coast,IND,WGS,79.83956801792998,11.367058993817158,AHomAHomAHom,LC20geno,AHom
SRR3183256,India Eastern Coast,IND,WGS,79.83956801792998,11.367058993817158,AHomAHomAHom,LC03geno,AHom
SRR3183256,India Eastern Coast,IND,WGS,79.83956801792998,11.367058993817158,AHomAHomAHom,LC05geno,AHom
SRR3183256,India Eastern Coast,IND,WGS,79.83956801792998,11.367058993817158,AHomAHomAHom,LC20geno,AHom
SRR3183257,India Eastern Coast,IND,WGS,79.83956801792998,11.367058993817158,AHomAHomAHom,LC03geno,AHom
SRR3183257,India Eastern Coast,IND,WGS,79.83956801792998,11.367058993817158,AHomAHomAHom,LC05geno,AHom
SRR3183257,India Eastern Coast,IND,WGS,79.83956801792998,11.367058993817158,AHomAHomAHom,LC20geno,AHom
SRR3183258,India Western Coast,IND,WGS,72.82681722661418,18.91112429543637,AHomAHomAHom,LC03geno,AHom
SRR3183258,India Western Coast,IND,WGS,72.82681722661418,18.91112429543637,AHomAHomAHom,LC05geno,AHom
SRR3183258,India Western Coast,IND,WGS,72.82681722661418,18.91112429543637,AHomAHomAHom,LC20geno,AHom
SRR3183259,India Western Coast,IND,WGS,72.82681722661418,18.91112429543637,AHomAHomAHom,LC03geno,AHom
SRR3183259,India Western Coast,IND,WGS,72.82681722661418,18.91112429543637,AHomAHomAHom,LC05geno,AHom
SRR3183259,India Western Coast,IND,WGS,72.82681722661418,18.91112429543637,AHomAHomAHom,LC20geno,AHom
SRR3183260,India Western Coast,IND,WGS,72.82681722661418,18.91112429543637,AHomAHomAHom,LC03geno,AHom
SRR3183260,India Western Coast,IND,WGS,72.82681722661418,18.91112429543637,AHomAHomAHom,LC05geno,AHom
SRR3183260,India Western Coast,IND,WGS,72.82681722661418,18.91112429543637,AHomAHomAHom,LC20geno,AHom
SRR3183261,India Western Coast,IND,WGS,72.82681722661418,18.91112429543637,AHomAHomAHom,LC03geno,AHom
SRR3183261,India Western Coast,IND,WGS,72.82681722661418,18.91112429543637,AHomAHomAHom,LC05geno,AHom
SRR3183261,India Western Coast,IND,WGS,72.82681722661418,18.91112429543637,AHomAHomAHom,LC20geno,AHom
SRR3183252,India Eastern Coast,IND,WGS,79.83956801792998,11.367058993817158,AHomAHomAHom,LC03geno,AHom
SRR3183252,India Eastern Coast,IND,WGS,79.83956801792998,11.367058993817158,AHomAHomAHom,LC05geno,AHom
SRR3183252,India Eastern Coast,IND,WGS,79.83956801792998,11.367058993817158,AHomAHomAHom,LC20geno,AHom
SRR26358744,Bangladesh,IND,WGS,91.97174,21.46695,AHomAHomAHom,LC03geno,AHom
SRR26358744,Bangladesh,IND,WGS,91.97174,21.46695,AHomAHomAHom,LC05geno,AHom
SRR26358744,Bangladesh,IND,WGS,91.97174,21.46695,AHomAHomAHom,LC20geno,AHom
SRR26402930,Bangladesh,IND,WGS,91.97174,21.46695,AHomAHomAHom,LC03geno,AHom
SRR26402930,Bangladesh,IND,WGS,91.97174,21.46695,AHomAHomAHom,LC05geno,AHom
SRR26402930,Bangladesh,IND,WGS,91.97174,21.46695,AHomAHomAHom,LC20geno,AHom
